<?xml version='1.0' encoding='utf-8' standalone='yes' ?>
<map>
    <boolean name="measurement_enabled_from_api" value="true" />
    <long name="first_open_time" value="1766940045781" />
    <string name="gmp_app_id">1:850220037081:android:2a58ca28d6a3d34b</string>
    <boolean name="measurement_enabled" value="true" />
    <string name="app_instance_id">303c494ea6a59ec1236a3f6d1365b6b0</string>
    <boolean name="has_been_opened" value="true" />
    <boolean name="app_backgrounded" value="true" />
    <boolean name="allow_remote_dynamite" value="true" />
    <long name="health_monitor:start" value="1766940046389" />
    <boolean name="use_service" value="true" />
    <boolean name="start_new_session" value="true" />
</map>
