<?xml version='1.0' encoding='utf-8' standalone='yes' ?>
<map>
    <boolean name="didSendRevenueTriggerOnLastBackground" value="true" />
    <long name="prev_session_dur" value="8" />
    <long name="af_rc_max_age" value="86400" />
    <boolean name="ddl_sent" value="true" />
    <string name="sentSuccessfully">true</string>
    <string name="af_remote_config">eyJmZWF0dXJlcyI6e30sInZlciI6ImRlZmF1bHQudjEuMTYzNzE0OTUyOSJ9</string>
    <int name="versionCode" value="75700" />
    <string name="savedProperties">{&quot;uid&quot;:&quot;1768134174237-7442864796807272752&quot;,&quot;waitForCustomerId&quot;:&quot;false&quot;,&quot;logLevel&quot;:&quot;0&quot;,&quot;AppUserId&quot;:&quot;122965044u&quot;}</string>
    <string name="AF_INSTALLATION">1768134174237-7442864796807272752</string>
    <boolean name="afUninstallToken_queued" value="false" />
    <int name="appsFlyerCount" value="2" />
    <long name="af_rc_timestamp" value="1768134175038" />
    <long name="AppsFlyerTimePassedSincePrevLaunch" value="1768134215385" />
    <boolean name="newGPReferrerSent" value="true" />
    <string name="appsFlyerFirstInstall">2026-01-11_175300+0530</string>
</map>
