<?xml version='1.0' encoding='utf-8' standalone='yes' ?>
<map>
    <string name="stored_tcf_param">Version=2;VendorConsent=0;VendorLegitimateInterest=0;gdprApplies=0;EnableAdvertiserConsentMode=1;PolicyVersion=5;PurposeOneTreatment=0;Purpose1=00;Purpose3=00;Purpose4=00;Purpose7=00;CmpSdkID=6;PublisherCC=IN;PublisherRestrictions1=3;PublisherRestrictions3=3;PublisherRestrictions4=3;PublisherRestrictions7=3;AuthorizePurpose1=0;AuthorizePurpose3=0;AuthorizePurpose4=0;AuthorizePurpose7=0;PurposeDiagnostics=22222</string>
    <long name="first_open_time" value="1768134173905" />
    <string name="gmp_app_id">1:1068643720791:android:0a0d3b08ec1585c6</string>
    <string name="app_instance_id">619c25768c7a1415f9d075dcff52cf1c</string>
    <boolean name="has_been_opened" value="true" />
    <boolean name="app_backgrounded" value="true" />
    <boolean name="allow_remote_dynamite" value="true" />
    <long name="health_monitor:start" value="1768134212238" />
    <boolean name="use_service" value="true" />
    <boolean name="start_new_session" value="true" />
</map>
