<?xml version='1.0' encoding='utf-8' standalone='yes' ?>
<map>
    <set name="android-min-sdk/28 fire-cls/19.3.0 kotlin/2.0.21 fire-installations/18.0.0 fire-rc/22.0.1 fire-abt/21.1.1 device-brand/samsung fire-android/33 device-name/30bc2fc66f32b169 fire-core/21.0.0 fire-core-ktx/21.0.0 android-installer/com.android.shell fire-perf/21.0.3 fire-analytics/22.1.2 android-platform/ fire-fcm/24.1.0 android-target-sdk/35 device-model/c7ltechn fire-transport/19.0.0 fire-sessions/2.0.7">
        <string>2026-01-11</string>
    </set>
    <long name="fire-count" value="1" />
    <string name="last-used-date">2026-01-11</string>
    <long name="fire-global" value="1768134173967" />
</map>
