<?xml version='1.0' encoding='utf-8' standalone='yes' ?>
<map>
    <string name="stored_token">ex1ICQAFFORPBSVGW2UY3E2AIZH5JVSU_2u00122965044uti00q1bcni100005_djA0</string>
    <string name="stored_user">{&quot;username&quot;:&quot;wetabon192_414&quot;,&quot;user_id&quot;:&quot;122965044u&quot;,&quot;email&quot;:&quot;wetabon192@renakol.com&quot;,&quot;email_autogenerated&quot;:false,&quot;email_verified&quot;:true,&quot;user_name&quot;:&quot;wetabon192_414&quot;,&quot;created_at&quot;:&quot;2026-01-11T12:20:53Z&quot;,&quot;qc&quot;:false,&quot;staff&quot;:false,&quot;country&quot;:&quot;in&quot;,&quot;subtitle_language&quot;:&quot;en&quot;,&quot;email_newsletter&quot;:true,&quot;viki_external_id&quot;:&quot;e046c472-fc75-46a3-8368-81c89b6b1430&quot;,&quot;subscriber&quot;:true}</string>
    <string name="stored_privileges">{&quot;verticals&quot;:[&quot;1pv&quot;,&quot;3pv&quot;],&quot;features&quot;:[&quot;noads&quot;,&quot;hd&quot;,&quot;devices_limit_1&quot;],&quot;plans&quot;:[&quot;2766p&quot;]}</string>
    <long name="last_active_appid_time" value="1768134222" />
    <string name="key_privileges_hash">2bd11e5</string>
    <boolean name="last_can_enable_download" value="false" />
    <long name="config_sync_time" value="1768134176" />
    <int name="session_counter" value="1" />
    <boolean name="show_tou_wall" value="false" />
</map>
