{"Fid":"c2LOc_2cRCWAs2_c7yMvol","Status":3,"AuthToken":"eyJhbGciOiJFUzI1NiIsInR5cCI6IkpXVCJ9.eyJhcHBJZCI6IjE6ODUwMjIwMDM3MDgxOmFuZHJvaWQ6YjgyMDdhYzQwNzViNWUxMTI3NWZjOCIsImV4cCI6MTc3MDEwNzExOCwiZmlkIjoiYzJMT2NfMmNSQ1dBczJfYzd5TXZvbCIsInByb2plY3ROdW1iZXIiOjg1MDIyMDAzNzA4MX0.AB2LPV8wRQIhAON3eDlnwZN47rdq22D36B9RvTYXKx5Is7HHVj8750NLAiAj6tOJuaBWb-P4ZJcrt8OnlOt4jlkbwmSCjZo9WzLhpw","RefreshToken":"3_AS3qfwIaYCLwYMlQGH5tGjtGbrNKZTbv1MuEA2JGH7iiL9GI2klLieCWCPYM3kv41j5AtqZMVR5IpeMzarf8V5ZoqJc5Om2ekzufjKX0OGQIsYM","TokenCreationEpochInSecs":1769502318,"ExpiresInSecs":604800}