{"Fid":"fle-tirXSRK5WBaCeeJkgL","Status":3,"AuthToken":"eyJhbGciOiJFUzI1NiIsInR5cCI6IkpXVCJ9.eyJhcHBJZCI6IjE6ODUwMjIwMDM3MDgxOmFuZHJvaWQ6YjgyMDdhYzQwNzViNWUxMTI3NWZjOCIsImV4cCI6MTc3MDIwMTA5MSwiZmlkIjoiZmxlLXRpclhTUks1V0JhQ2VlSmtnTCIsInByb2plY3ROdW1iZXIiOjg1MDIyMDAzNzA4MX0.AB2LPV8wRAIgFif8Ppj8o6KISD3RJ1MbZEiiw57bXPTePWnRhqes8m0CID0CwxQWdIqVhWf7WQB81ArE0EcDsZTMnoarV4mQRkB3","RefreshToken":"3_AS3qfwKfh3TLgBDaR8j7-fNxKH2iWxP3NB0c-GWtmTvrUk8Ks0MQE_br3fWLZHoB5NKOY5iJSGN15hmkcckbbuyslFS9tSInSAhKB0Dfo0rks5o","TokenCreationEpochInSecs":1769596291,"ExpiresInSecs":604800}