{"Fid":"fHoAyzMNRTGDc_EqKIkjJC","Status":3,"AuthToken":"eyJhbGciOiJFUzI1NiIsInR5cCI6IkpXVCJ9.eyJhcHBJZCI6IjE6ODUwMjIwMDM3MDgxOmFuZHJvaWQ6YjgyMDdhYzQwNzViNWUxMTI3NWZjOCIsImV4cCI6MTc3MDExMDY3NCwiZmlkIjoiZkhvQXl6TU5SVEdEY19FcUtJa2pKQyIsInByb2plY3ROdW1iZXIiOjg1MDIyMDAzNzA4MX0.AB2LPV8wRAIgXp_FbHLkcxnywQw3GDQAoZZ3S8uZJWooOSWEP1yaazgCIBcCn3UzhgrOK1OhJZwVyCwjY9BpDAJogbZaf0JASwD-","RefreshToken":"3_AS3qfwJ6s7N2CjN825ezHrRh3pYW76Af3nI1BFhQMp6fgszSFZwCXmsjD9B5wDpoz5a2pdhkgJrFGkFhKlK1jKQSilLwdhnPsrawIApOM6LCGA","TokenCreationEpochInSecs":1769505873,"ExpiresInSecs":604800}