{"Fid":"cAttlQndTfWDz9Q6NGxS48","Status":3,"AuthToken":"eyJhbGciOiJFUzI1NiIsInR5cCI6IkpXVCJ9.eyJhcHBJZCI6IjE6NDEyODI2MTM4NzM1OmFuZHJvaWQ6OGEzMmY3OTFlNDE1NjM0ZjJmZjU5YSIsImV4cCI6MTc2OTA1NTkyNSwiZmlkIjoiY0F0dGxRbmRUZldEejlRNk5HeFM0OCIsInByb2plY3ROdW1iZXIiOjQxMjgyNjEzODczNX0.AB2LPV8wRQIgTqjfsJkqYmdtS4eNqHCf1HeLrtQhN8H2K23f8grBNzECIQDw_aqqALxPeWDMO5VmGc5Z2ug-Jr4IWrSBPAc_wJbJqQ","RefreshToken":"3_AS3qfwL0iXZkRJ9tqwxSOEQiOliSUL5qdANIhLWUe7-r1kSwRCp5_CJ5fUovRVsUTpiE_eKOyzodyTE6qugL3s-vJLJxfypHZclkk3xZQAHnDvs","TokenCreationEpochInSecs":1768451124,"ExpiresInSecs":604800}