<?xml version='1.0' encoding='utf-8' standalone='yes' ?>
<map>
    <long name="first_open_time" value="1768798828721" />
    <string name="gmp_app_id">1:494597445014:android:779d79f75183bf65</string>
    <string name="app_instance_id">d851150f24399cc4ec745996043f9feb</string>
    <boolean name="has_been_opened" value="true" />
    <boolean name="app_backgrounded" value="true" />
    <boolean name="allow_remote_dynamite" value="true" />
    <long name="health_monitor:start" value="1768798843882" />
    <boolean name="use_service" value="true" />
    <boolean name="start_new_session" value="true" />
</map>
