<?xml version='1.0' encoding='utf-8' standalone='yes' ?>
<map>
    <set name="fire-cls/19.3.0 kotlin/2.0.10 device-brand/vivo fire-installations/18.0.0 android-min-sdk/24 fire-fcm/23.1.2 fire-analytics/21.5.1 fire-android/33 fire-cls-ndk/19.3.0 android-installer/com.android.vending fire-core/21.0.0 device-name/6ef59953f49a85ce device-model/V2144 fire-core-ktx/21.0.0 fire-sessions/2.0.1 android-platform/ fire-transport/18.1.8 android-target-sdk/34">
        <string>2026-01-19</string>
    </set>
    <long name="fire-count" value="1" />
    <string name="last-used-date">2026-01-19</string>
    <long name="fire-global" value="1768798828819" />
</map>
