<?xml version='1.0' encoding='utf-8' standalone='yes' ?>
<map>
    <string name="settings_location">/data/user/0/com.spotify.music/files/settings</string>
    <string name="install_pai_preload_referrer"></string>
    <string name="pre-signup-experiment-request-id"></string>
    <long name="notification_permission_education_screen_shown_timestamp" value="1768798936628" />
    <boolean name="com.spotify.proactiveplatforms.npvwidget.KEY_PREFS_LOGGED_IN" value="true" />
    <string name="user-selected-language">en-US</string>
    <long name="background_restrictions_next_scheduled_time" value="0" />
    <string name="installation_id">ns2h32mcun88hi0qmu6khuh203</string>
    <int name="sidedrawer_item_impression_count" value="1" />
    <long name="key_date_first_launch" value="1768798933453" />
    <int name="engage_sdk_continuation_cluster_publish_status" value="9" />
    <int name="service_crash_count" value="0" />
    <boolean name="monitor_enabled" value="true" />
    <int name="key_rater_plays_amount" value="2" />
    <long name="preload_notification_first_time_app_started_millis" value="1768798932551" />
    <boolean name="data_saver_mode_android_enabled" value="false" />
    <boolean name="install_referrer_read" value="true" />
    <int name="engage_sdk_recommendations_cluster_publish_status" value="9" />
    <string name="registration_install_attribution_referrer">utm_medium=organic&amp;utm_source=google-play</string>
    <boolean name="last_known_is_logged_out_status" value="false" />
    <long name="samsung_clock_nudge_earliest_time_nudge_can_show_timestamp" value="1769403733723" />
    <boolean name="is_user_logged_in" value="true" />
    <boolean name="dac-home-force-network-request" value="false" />
    <long name="last_push_token_update_time" value="1768798937686" />
    <string name="branch_partner_id">0048cf2ac5d36888f831b8917d838754badc7d464f745d6cd69c9a</string>
    <long name="branch_partner_id_cache_time_key" value="1768798934793" />
    <string name="event-sender-event-owner">31rzvd27oo523wzhsemebxcb5jgu</string>
    <string name="registration_app_attribution_referrer">utm_medium=organic&amp;utm_source=google-play</string>
    <string name="current_push_token">fGAZZDziQA2E2fpwgUnp1f:APA91bEvVBF9pyARFfmj6kij2YrT8vuBlKVvhzjf1LNWElGk35JnzfDgoNTN32ScujsJtepy0LeQLRy2UYWXK-7tZciFx6kZ8RNxJWJswtcl73gADcbTDyg</string>
    <int name="deletion-policy" value="0" />
    <long name="registration_app_attribution_referrer_timestamp" value="1768798829594" />
    <boolean name="preload_notification_has_never_logged_in" value="false" />
    <string name="cache_location_v4">/storage/emulated/0/Android/data/com.spotify.music/files/spotifycache</string>
    <long name="wear.phoneonboardingtriggers.onboarding_enabled_key" value="1768798933135" />
    <string name="ADAPTIVE_AUTH_METADATA_AUTH_SOURCE">EMAIL</string>
    <int name="background_restrictions_times_shown" value="1" />
    <boolean name="NET_CAPABILITIES_VALIDATED_DISABLED" value="false" />
    <set name="limited_experience_indicator_key" />
    <long name="sidedrawer_item_first_impression_timestamp" value="1768798938207" />
    <int name="notification_permission_os_system_prompt_requested_count" value="1" />
</map>
