{"Fid":"fkyze10KTTOTq--JVEmdXR","Status":3,"AuthToken":"eyJhbGciOiJFUzI1NiIsInR5cCI6IkpXVCJ9.eyJhcHBJZCI6IjE6NzMyNTY1OTIwMjU5OmFuZHJvaWQ6ZjZlNThhYjBlZDIwYzNjZCIsImV4cCI6MTc2OTk0NjU2NCwiZmlkIjoiZmt5emUxMEtUVE9UcS0tSlZFbWRYUiIsInByb2plY3ROdW1iZXIiOjczMjU2NTkyMDI1OX0.AB2LPV8wRAIgcThqeE36Zb7VJQyluRwy4uFXnUm9R61vfTxAozsRm-sCIHAoY9vSM1mHJMVUy4OKXGbLClafvvf_xqqr1A7MRQo3","RefreshToken":"3_AS3qfwJyByhUUmvmIftrttgx28LmypYocTYc1ygkL71o4nDcU3f6uTGqkCePbdK2KyA_KPRr2VULSIY0TUXu3S6YQ9drJvRuFVnwFWK2O4C1SSg","TokenCreationEpochInSecs":1769341764,"ExpiresInSecs":604800}