{"Fid":"f5YL_HhCQKG-nmmcDmALKp","Status":3,"AuthToken":"eyJhbGciOiJFUzI1NiIsInR5cCI6IkpXVCJ9.eyJhcHBJZCI6IjE6NzMyNTY1OTIwMjU5OmFuZHJvaWQ6ZjZlNThhYjBlZDIwYzNjZCIsImV4cCI6MTc2ODMxNjA5NSwiZmlkIjoiZjVZTF9IaENRS0ctbm1tY0RtQUxLcCIsInByb2plY3ROdW1iZXIiOjczMjU2NTkyMDI1OX0.AB2LPV8wRQIgCSo21fyTshs6nS_h8X2_nX0IuksMZzbQvKa3haoE6oQCIQCF6PWBlkicdI55b3efmyoF8fTe8ld_JIvtyZVP_N_EYw","RefreshToken":"3_AS3qfwJp5V5HBoBVJz7XFj5IV8cfxcrY-zFzE_jJ09s4FWixoKaoScna6Hw8pcEMTb0y82WUEu7AvVbnKosBClz29myfbh-XfGDF758zQUot_z4","TokenCreationEpochInSecs":1767711295,"ExpiresInSecs":604800}