{"errorDescription":"200-10000","message":"","resultObj":{"bg_image":{"url":"https://origindev-static.sonyliv.com/generic_images/spnbg_g15_26112020.png","version":"1"},"dynamic_liv_Icon":{"enabled":true,"image_url":"https://originpreprod-static.sonyliv.com/Ui_icons/livlogo/SonyLIV_Logo_02_Web.png","version":"2"},"dynamic_splash_asset":{"asset_url":"https://origin-staticv2.sonyliv.com/UI_icons/Android_Mobile_Splash_Screen_LIV_30_FRAME_ANIM_960X1440_31032021.gif","audio_url":"https://origindev-static.sonyliv.com/generic_images/LIV+animation+WAVE.WAV","bg_img":"https://origindev-static.sonyliv.com/generic_images/spnbg_g15_26112020.png","enabled":true,"version":"3"},"watermark":{"url":"https://origindev-static.sonyliv.com/generic_images/spnbg_wm_26112020.png","version":"1"}},"systemTime":1769341802500,"resultCode":"OK"}