<?xml version='1.0' encoding='utf-8' standalone='yes' ?>
<map>
    <long name="first_open_time" value="1766228620520" />
    <string name="gmp_app_id">1:180807489478:android:6558990aac0d8272a3c4c7</string>
    <string name="app_instance_id">9645877bdd2740f0d5018fa9b0e783f1</string>
    <long name="session_id" value="1766228620" />
    <boolean name="app_backgrounded" value="true" />
    <long name="health_monitor:start" value="1766228620705" />
    <boolean name="use_service" value="true" />
    <boolean name="deferred_analytics_collection" value="false" />
    <string name="previous_os_version">13</string>
    <boolean name="has_been_opened" value="true" />
    <boolean name="allow_remote_dynamite" value="true" />
    <long name="last_pause_time" value="1766228733730" />
    <boolean name="start_new_session" value="false" />
</map>
