<?xml version='1.0' encoding='utf-8' standalone='yes' ?>
<map>
    <long name="com.applovin.sdk.launch_count" value="1" />
    <long name="com.applovin.sdk.last_launch_timestamp" value="1766228620482" />
    <boolean name="com.applovin.sdk.launched_before" value="true" />
    <string name="com.applovin.sdk.device_test_group">38</string>
    <long name="com.applovin.sdk.install_date" value="1766228605048" />
    <string name="com.applovin.sdk.latest_installed_version">13.5.0</string>
    <boolean name="com.applovin.sdk.has_seen_but_not_accepted_privacy_policy" value="false" />
    <string name="com.applovin.sdk.persisted_data">gzO3eUjO8BP_G6td0igt3lI1P7cElu2iW90raQIENx5Ku9vWmiSmQrhvvScsUOFFW9mHHe4pHyM0GWXmNHTEEo-YB1H0567FlBJRUQmOk0w*</string>
</map>
