<?xml version='1.0' encoding='utf-8' standalone='yes' ?>
<map>
    <set name="fire-installations/18.0.0 device-brand/vivo android-min-sdk/24 fire-rc/22.1.2 fire-fcm-ktx/24.1.2 fire-abt/21.1.1 fire-android/33 kotlin/2.2.21 android-installer/com.android.vending fire-core/21.0.0 device-name/V2315T fire-core-ktx/21.0.0 fire-fcm/24.1.2 fire-analytics/22.5.0 android-platform/ fire-cfg-ktx/22.1.2 fire-analytics-ktx/22.5.0 fire-cls/19.4.4 fire-sessions/2.1.2 device-model/V2315 android-target-sdk/36 fire-transport/19.0.0">
        <string>2025-12-20</string>
    </set>
    <long name="fire-count" value="1" />
    <string name="last-used-date">2025-12-20</string>
    <long name="fire-global" value="1766228620595" />
</map>
