{"Fid":"f7zmBeImTzqmbaVLSOjtZ-","Status":3,"AuthToken":"eyJhbGciOiJFUzI1NiIsInR5cCI6IkpXVCJ9.eyJhcHBJZCI6IjE6NzMyNTY1OTIwMjU5OmFuZHJvaWQ6ZjZlNThhYjBlZDIwYzNjZCIsImV4cCI6MTc2NDUwMjk1OCwiZmlkIjoiZjd6bUJlSW1UenFtYmFWTFNPanRaLSIsInByb2plY3ROdW1iZXIiOjczMjU2NTkyMDI1OX0.AB2LPV8wRQIgGc-htqqpfBhmdgFYhBpiR3V9nkMGHP0Wq6_rGWwdU2cCIQDwQJz0IULtQsz7NSVe6T3lJeslojHYCakSwfCCV8-xtQ","RefreshToken":"3_AS3qfwJ8Ebme8rkAtzf-QTTODCalBUuZQfEI9rIhFNL_AzA0ARa8F7wBj3Bbwuz-uCT5XAdXhdDrgPhWQ0njtgAOkuFCHtZRhcnirq9N18LhUxg","TokenCreationEpochInSecs":1763898158,"ExpiresInSecs":604800}