{"Fid":"ecQ3KhWpSDme1KxGuEZ8eG","Status":3,"AuthToken":"eyJhbGciOiJFUzI1NiIsInR5cCI6IkpXVCJ9.eyJhcHBJZCI6IjE6ODQ5MjYxMzY5MDg1OmFuZHJvaWQ6ODY0OGNlYzEwMWU2ZmY0MSIsImV4cCI6MTc3MDAxNDgzNywiZmlkIjoiZWNRM0toV3BTRG1lMUt4R3VFWjhlRyIsInByb2plY3ROdW1iZXIiOjg0OTI2MTM2OTA4NX0.AB2LPV8wRgIhALXvZiLM9GgzmZRIyy5V9i24dH8_D5-R_ogdWAHYtyT_AiEA6bbn6CsqY6IDT3LJUALv4xiNbiJD8nAkiWL8uySxShc","RefreshToken":"3_AS3qfwL8Lcgz7fwaGjTbxha6NG3q6sJUw2HONm0QOF_VS5wCL7sLlamvKEyknBDsghEK_LO_VZBwEy0wK1Z3Q3Et-ZyDhH2g2EGz4YXyaUsozK4","TokenCreationEpochInSecs":1769410037,"ExpiresInSecs":604800}