<?xml version='1.0' encoding='utf-8' standalone='yes' ?>
<map>
    <string name="gcd">{&quot;net&quot;:1916,&quot;retries&quot;:0}</string>
    <string name="afUninstallToken">fJxq-4VYRLy0gy2gogOt8m:APA91bFRv-d4U2Asav0mIMsThmdE9qzjr8CiJlre4O2l8EcgnuLKjYZr--OJPFKGjHIcC0K-U60HCtTlOpB22co9HRQ9o33SW1DmXUqEPr0jNy9j7ZpnG9w</string>
    <long name="prev_session_dur" value="22" />
    <boolean name="ddl_sent" value="true" />
    <long name="af_rc_max_age" value="86400" />
    <string name="sentSuccessfully">true</string>
    <int name="versionCode" value="20449" />
    <string name="af_remote_config">eyJmZWF0dXJlcyI6e30sInZlciI6ImRlZmF1bHQudjEuMTYzNzE0OTUyOSJ9</string>
    <boolean name="sentRegisterRequestToAF" value="true" />
    <string name="savedProperties">{&quot;uid&quot;:&quot;1769355327364-8459560622941940903&quot;,&quot;waitForCustomerId&quot;:&quot;false&quot;,&quot;logLevel&quot;:&quot;0&quot;,&quot;AppUserId&quot;:&quot;__21cebcaee6ca4b139b1a1b6b303229aa&quot;,&quot;advertiserId&quot;:&quot;bd7f4a29-3e39-4ea6-9089-08155d1a16d7&quot;,&quot;advertiserIdEnabled&quot;:&quot;true&quot;}</string>
    <string name="AF_INSTALLATION">1769355327364-8459560622941940903</string>
    <boolean name="afUninstallToken_queued" value="false" />
    <int name="appsFlyerCount" value="2" />
    <long name="AppsFlyerTimePassedSincePrevLaunch" value="1769355335662" />
    <boolean name="newGPReferrerSent" value="true" />
    <long name="af_rc_timestamp" value="1769355328049" />
    <string name="appsFlyerFirstInstall">2026-01-25_153527+0000</string>
    <long name="afUninstallToken_received_time" value="1769355327382" />
    <string name="attributionId">{&quot;install_time&quot;:&quot;2026-01-25 15:35:37.078&quot;,&quot;af_message&quot;:&quot;organic install&quot;,&quot;af_status&quot;:&quot;Organic&quot;,&quot;is_first_launch&quot;:false}</string>
</map>
