<?xml version='1.0' encoding='utf-8' standalone='yes' ?>
<map>
    <set name="fire-installations/18.0.0 fire-rc/22.1.2 kotlin/2.2.0 fire-dl/22.1.0 fire-app-check/18.0.0 fire-abt/21.1.1 fire-gcs/21.0.2 fire-core/21.0.0 fire-db-ktx/21.0.0 fire-core-ktx/21.0.0 android-platform/ fire-sessions/2.1.2 fire-cls/19.4.4 android-target-sdk/36 fire-transport/19.0.0 android-min-sdk/26 fire-perf-ktx/21.0.5 fire-rtdb/21.0.0 fire-android/33 device-brand/OnePlus android-installer/com.android.vending fire-fcm/24.1.2 fire-perf/21.0.5 device-name/LE2111 device-model/LE2111 fire-analytics/22.5.0">
        <string>2026-01-25</string>
    </set>
    <long name="fire-count" value="1" />
    <string name="last-used-date">2026-01-25</string>
    <long name="fire-global" value="1769355323388" />
</map>
