<?xml version='1.0' encoding='utf-8' standalone='yes' ?>
<map>
    <int name="encryptionMigrationFailureCount:48K-8WW-754Z" value="0" />
    <string name="deviceId:48K-8WW-754Z">__21cebcaee6ca4b139b1a1b6b303229aa</string>
    <string name="pfworkid">48K-8WW-754Z</string>
    <boolean name="OptOut:__21cebcaee6ca4b139b1a1b6b303229aa:48K-8WW-754Z" value="false" />
    <int name="cachedGUIDsLengthKey:48K-8WW-754Z" value="2" />
    <int name="lastSessionId:48K-8WW-754Z" value="1769355323" />
    <int name="istc_inapp:__21cebcaee6ca4b139b1a1b6b303229aa:48K-8WW-754Z" value="1" />
    <string name="fcm_token:48K-8WW-754Z">fJxq-4VYRLy0gy2gogOt8m:APA91bFRv-d4U2Asav0mIMsThmdE9qzjr8CiJlre4O2l8EcgnuLKjYZr--OJPFKGjHIcC0K-U60HCtTlOpB22co9HRQ9o33SW1DmXUqEPr0jNy9j7ZpnG9w</string>
    <boolean name="NetworkInfo:48K-8WW-754Z" value="true" />
    <string name="ict_date:__21cebcaee6ca4b139b1a1b6b303229aa:48K-8WW-754Z">25012026</string>
    <string name="comms_dmn:48K-8WW-754Z">eu1.clevertap-prod.com</string>
    <int name="comms_last_ts:48K-8WW-754Z" value="1769355358" />
    <int name="comms_first_ts:48K-8WW-754Z" value="1769355329" />
    <int name="encryptionLevel:48K-8WW-754Z" value="0" />
    <int name="sexe:48K-8WW-754Z" value="1769355357" />
    <int name="comms_mtd:48K-8WW-754Z" value="0" />
    <boolean name="ssInAppMigrated:48K-8WW-754Z" value="true" />
    <string name="instance:48K-8WW-754Z">{&quot;accountId&quot;:&quot;48K-8WW-754Z&quot;,&quot;accountToken&quot;:&quot;00b-3b4&quot;,&quot;fcmSenderId&quot;:&quot;732565920259&quot;,&quot;analyticsOnly&quot;:false,&quot;isDefaultInstance&quot;:true,&quot;useGoogleAdId&quot;:false,&quot;disableAppLaunchedEvent&quot;:false,&quot;personalization&quot;:true,&quot;debugLevel&quot;:0,&quot;createdPostAppLaunch&quot;:false,&quot;sslPinning&quot;:false,&quot;backgroundSync&quot;:true,&quot;getEnableCustomCleverTapId&quot;:false,&quot;beta&quot;:false,&quot;encryptionLevel&quot;:0,&quot;allowedPushTypes&quot;:[]}</string>
    <string name="comms_dmn_spiky:48K-8WW-754Z">eu1-spiky.clevertap-prod.com</string>
    <string name="SP_KEY_PROFILE_IDENTITIES:48K-8WW-754Z">Email,Identity</string>
    <string name="cachedGUIDsKey:48K-8WW-754Z">{&quot;Email_&quot;:&quot;__21cebcaee6ca4b139b1a1b6b303229aa&quot;,&quot;Identity_2301220523251760490&quot;:&quot;__21cebcaee6ca4b139b1a1b6b303229aa&quot;}</string>
    <int name="istmcd_inapp:__21cebcaee6ca4b139b1a1b6b303229aa:48K-8WW-754Z" value="10" />
    <int name="imc:__21cebcaee6ca4b139b1a1b6b303229aa:48K-8WW-754Z" value="5" />
    <long name="last_assets_cleanup" value="1769355330870" />
</map>
