<?xml version='1.0' encoding='utf-8' standalone='yes' ?>
<map>
    <set name="kotlin/2.1.10 fire-installations/18.0.0 fire-rc/22.1.0 fire-auth/23.2.0 android-min-sdk/23 device-model/V2050 device-name/V2050 fire-dl/22.1.0 fire-abt/21.1.1 fire-android/33 android-installer/com.android.vending fire-core/21.0.0 fire-core-ktx/21.0.0 fire-analytics/22.3.0 fire-perf/21.0.4 android-platform/ fire-fcm/24.1.0 android-target-sdk/35 fire-transport/19.0.0 fire-sessions/2.0.9 device-brand/Vivo fire-cls/19.4.1">
        <string>2026-01-25</string>
    </set>
    <long name="fire-count" value="1" />
    <string name="last-used-date">2026-01-25</string>
    <long name="fire-global" value="1769312549384" />
</map>
