{"Fid":"fJxq-4VYRLy0gy2gogOt8m","Status":3,"AuthToken":"eyJhbGciOiJFUzI1NiIsInR5cCI6IkpXVCJ9.eyJhcHBJZCI6IjE6NzMyNTY1OTIwMjU5OmFuZHJvaWQ6ZjZlNThhYjBlZDIwYzNjZCIsImV4cCI6MTc2OTk2MDEyNCwiZmlkIjoiZkp4cS00VllSTHkwZ3kyZ29nT3Q4bSIsInByb2plY3ROdW1iZXIiOjczMjU2NTkyMDI1OX0.AB2LPV8wRAIgerJLTTebq1JpWyKXAa5bzE7G1kvadu-bw68uQUuFFVoCIE5SN7DRHRNy7zH6FueyMXsWMu4KKyOZPbkW3ctLxmWO","RefreshToken":"3_AS3qfwJ_Jj-K3_zOXkFvTbw8Kgfp2y9VJGvtjKF1JcdxHV6CnUIH_8tXq3kpNQY8BdtFXY7KvlcrlRpcEzuO5bLgVSTy259mtdAdmyx4-voYd5A","TokenCreationEpochInSecs":1769355324,"ExpiresInSecs":604800}