{"Fid":"ezIjiSacQmiZ7w5brQUdwz","Status":3,"AuthToken":"eyJhbGciOiJFUzI1NiIsInR5cCI6IkpXVCJ9.eyJhcHBJZCI6IjE6ODUwMjIwMDM3MDgxOmFuZHJvaWQ6YjgyMDdhYzQwNzViNWUxMTI3NWZjOCIsImV4cCI6MTc3MDExODk3NywiZmlkIjoiZXpJamlTYWNRbWlaN3c1YnJRVWR3eiIsInByb2plY3ROdW1iZXIiOjg1MDIyMDAzNzA4MX0.AB2LPV8wRQIgKIh8alFds3s9fj8Kr6pHLQofR53krEoIttgMmeUVnB8CIQC4O-321Jq6To-MUBrvmZNQgPW3EwSD_R0stxQ-AbCcgg","RefreshToken":"3_AS3qfwJi2J6TRoaig7uJPnvVcOS1Yk52AzskY5W8r_tdqqWrJWCnrx7g17dcuajiKo5VmoNR0mKun-btjs_CfVcOHYKeCFiAAs5RNFkFNYoP6XU","TokenCreationEpochInSecs":1769514177,"ExpiresInSecs":604800}