{"Fid":"cJGVmfWfSSuEds5dQTB_rM","Status":3,"AuthToken":"eyJhbGciOiJFUzI1NiIsInR5cCI6IkpXVCJ9.eyJhcHBJZCI6IjE6ODQ5MjYxMzY5MDg1OmFuZHJvaWQ6ODY0OGNlYzEwMWU2ZmY0MSIsImV4cCI6MTc3MDAxMTYyMywiZmlkIjoiY0pHVm1mV2ZTU3VFZHM1ZFFUQl9yTSIsInByb2plY3ROdW1iZXIiOjg0OTI2MTM2OTA4NX0.AB2LPV8wRgIhAJ8bC6DNSeMfWBLYWUsy-aHVLWw7WfqDimkl5En65KjlAiEA0k4bRMb2gwbBqG-Hd0T-iJQhNQjWaEJYKW8puuSfpr0","RefreshToken":"3_AS3qfwIWJP0E41hqLJVLsUOVY0q5nRzbbwuC9Vz10OusZ-TYo8ZsHXkfzNO74OAwGhW2OorSdfFSik-IWDDFgSr58LQ7InauTIF-AzmaKCaWrcQ","TokenCreationEpochInSecs":1769406822,"ExpiresInSecs":604800}