{"Fid":"fGAZZDziQA2E2fpwgUnp1f","Status":3,"AuthToken":"eyJhbGciOiJFUzI1NiIsInR5cCI6IkpXVCJ9.eyJhcHBJZCI6IjE6NDk0NTk3NDQ1MDE0OmFuZHJvaWQ6Nzc5ZDc5Zjc1MTgzYmY2NSIsImV4cCI6MTc2OTQwMzYzMCwiZmlkIjoiZkdBWlpEemlRQTJFMmZwd2dVbnAxZiIsInByb2plY3ROdW1iZXIiOjQ5NDU5NzQ0NTAxNH0.AB2LPV8wRAIgDaSnCmRVYW7sx1p-0OuJ68z0ZcqzGk2dGMEI3sX-qo4CIAOJj_rUk9PKwWfAPmqfCcT9oRe8JAJitr7c8HHI2bSs","RefreshToken":"3_AS3qfwLHVHmnVkerh15e36IrbITo2OnSTrqsWfB1sH06XUdQ-MfQS8ONYa52W0be8A545HbleU1lCEubJIwAl-a0DzlPdWkzb1kc5DwgSmpK42c","TokenCreationEpochInSecs":1768798829,"ExpiresInSecs":604800}