<?xml version='1.0' encoding='utf-8' standalone='yes' ?>
<map>
    <long name="prev_session_dur" value="28" />
    <string name="afUninstallToken">f7zmBeImTzqmbaVLSOjtZ-:APA91bHmT_XUGAUNq8uVgCO5UU25BsSxNRftidzJlChMrYnYyBJ9CkhpS0ke5bcZ9oqa75SXyDSdrr_KcWTwfDf6jGIFihOyp0j59b3WxD2RwKylYASsq34</string>
    <boolean name="ddl_sent" value="true" />
    <long name="af_rc_max_age" value="86400" />
    <string name="sentSuccessfully">true</string>
    <string name="ddl">{&quot;net&quot;:[27283,0],&quot;from_fg&quot;:2370,&quot;timeout_value&quot;:3000,&quot;status&quot;:&quot;ERROR&quot;}</string>
    <int name="versionCode" value="20268" />
    <boolean name="sentRegisterRequestToAF" value="true" />
    <string name="af_remote_config">eyJmZWF0dXJlcyI6e30sInZlciI6ImRlZmF1bHQudjEuMTYzNzE0OTUyOSJ9</string>
    <string name="savedProperties">{&quot;uid&quot;:&quot;1763898160361-3174259154347954330&quot;,&quot;logLevel&quot;:&quot;0&quot;,&quot;advertiserId&quot;:&quot;bd7f4a29-3e39-4ea6-9089-08155d1a16d7&quot;,&quot;advertiserIdEnabled&quot;:&quot;true&quot;}</string>
    <string name="AF_INSTALLATION">1763898160361-3174259154347954330</string>
    <boolean name="afUninstallToken_queued" value="false" />
    <int name="appsFlyerCount" value="4" />
    <long name="AppsFlyerTimePassedSincePrevLaunch" value="1763898206775" />
    <boolean name="newGPReferrerSent" value="true" />
    <long name="af_rc_timestamp" value="1763898164129" />
    <string name="appsFlyerFirstInstall">2025-11-23_114240+0000</string>
    <long name="afUninstallToken_received_time" value="1763898161668" />
    <string name="attributionId">{&quot;install_time&quot;:&quot;2025-11-23 11:42:47.761&quot;,&quot;af_message&quot;:&quot;organic install&quot;,&quot;af_status&quot;:&quot;Organic&quot;,&quot;is_first_launch&quot;:false}</string>
</map>
