<?xml version='1.0' encoding='utf-8' standalone='yes' ?>
<map>
    <int name="__triggers_1756038299" value="6" />
    <int name="__triggers_1763838489" value="4" />
    <int name="__triggers_1763795455" value="12" />
    <int name="__triggers_1763795423" value="12" />
    <int name="__triggers_1763324177" value="1" />
    <int name="__triggers_1722603357" value="4" />
    <int name="__triggers_1752580699" value="4" />
    <int name="__triggers_1763810000" value="4" />
    <int name="__triggers_1763795395" value="12" />
</map>
