<?xml version='1.0' encoding='utf-8' standalone='yes' ?>
<map>
    <boolean name="OptOut:__a0999a1e2f904e889ea5a2a7c5b1bfa6:48K-8WW-754Z" value="false" />
    <string name="deviceId:48K-8WW-754Z">__a0999a1e2f904e889ea5a2a7c5b1bfa6</string>
    <string name="pfworkid">48K-8WW-754Z</string>
    <int name="lastSessionId:48K-8WW-754Z" value="1763898205" />
    <string name="ict_date:__a0999a1e2f904e889ea5a2a7c5b1bfa6:48K-8WW-754Z">23112025</string>
    <boolean name="NetworkInfo:48K-8WW-754Z" value="true" />
    <string name="fcm_token:48K-8WW-754Z">f7zmBeImTzqmbaVLSOjtZ-:APA91bHmT_XUGAUNq8uVgCO5UU25BsSxNRftidzJlChMrYnYyBJ9CkhpS0ke5bcZ9oqa75SXyDSdrr_KcWTwfDf6jGIFihOyp0j59b3WxD2RwKylYASsq34</string>
    <int name="imc:__a0999a1e2f904e889ea5a2a7c5b1bfa6:48K-8WW-754Z" value="5" />
    <string name="comms_dmn:48K-8WW-754Z">eu1.clevertap-prod.com</string>
    <int name="comms_last_ts:48K-8WW-754Z" value="1763898233" />
    <int name="comms_first_ts:48K-8WW-754Z" value="1763898191" />
    <int name="istc_inapp:__a0999a1e2f904e889ea5a2a7c5b1bfa6:48K-8WW-754Z" value="0" />
    <int name="sexe:48K-8WW-754Z" value="1763898234" />
    <int name="comms_mtd:48K-8WW-754Z" value="0" />
    <string name="instance:48K-8WW-754Z">{&quot;accountId&quot;:&quot;48K-8WW-754Z&quot;,&quot;accountToken&quot;:&quot;00b-3b4&quot;,&quot;fcmSenderId&quot;:&quot;732565920259&quot;,&quot;analyticsOnly&quot;:false,&quot;isDefaultInstance&quot;:true,&quot;useGoogleAdId&quot;:false,&quot;disableAppLaunchedEvent&quot;:false,&quot;personalization&quot;:true,&quot;debugLevel&quot;:0,&quot;createdPostAppLaunch&quot;:false,&quot;sslPinning&quot;:false,&quot;backgroundSync&quot;:true,&quot;getEnableCustomCleverTapId&quot;:false,&quot;beta&quot;:false,&quot;encryptionLevel&quot;:0}</string>
    <int name="istmcd_inapp:__a0999a1e2f904e889ea5a2a7c5b1bfa6:48K-8WW-754Z" value="10" />
    <string name="comms_dmn_spiky:48K-8WW-754Z">eu1-spiky.clevertap-prod.com</string>
    <string name="SP_KEY_PROFILE_IDENTITIES:48K-8WW-754Z">Email,Identity</string>
    <string name="cachedGUIDsKey:48K-8WW-754Z">{&quot;Email_&quot;:&quot;__a0999a1e2f904e889ea5a2a7c5b1bfa6&quot;,&quot;Identity_2301220523251760490&quot;:&quot;__a0999a1e2f904e889ea5a2a7c5b1bfa6&quot;}</string>
    <long name="last_assets_cleanup" value="1763898199614" />
</map>
