{"Fid":"f2Ie-ALIQpm_kDIlw6LlHX","Status":3,"AuthToken":"eyJhbGciOiJFUzI1NiIsInR5cCI6IkpXVCJ9.eyJhcHBJZCI6IjE6ODUwMjIwMDM3MDgxOmFuZHJvaWQ6YjgyMDdhYzQwNzViNWUxMTI3NWZjOCIsImV4cCI6MTc3MDExMzAyNCwiZmlkIjoiZjJJZS1BTElRcG1fa0RJbHc2TGxIWCIsInByb2plY3ROdW1iZXIiOjg1MDIyMDAzNzA4MX0.AB2LPV8wRQIhAI0CgjYAUIwAi_SSqbzhWs_v2vYuOZQRKu-nu4swNbrvAiBnYkzRevVXCoOm00N3t_GVssdqLt5YzPkNz205J44Wfg","RefreshToken":"3_AS3qfwKtBUFXY768S2ImCuniTmi7aLMJOeWK6Tc1uarSZksAMJNjl6aI7wjgCpu_g85EkPVxd_zo7yZYCcRyMF6XL7kZEC-ERjfnhKCcpdzn8g","TokenCreationEpochInSecs":1769508223,"ExpiresInSecs":604800}