{"Fid":"fsbDnSYwSiGnwMzWpYpIJQ","Status":3,"AuthToken":"eyJhbGciOiJFUzI1NiIsInR5cCI6IkpXVCJ9.eyJhcHBJZCI6IjE6ODUwMjIwMDM3MDgxOmFuZHJvaWQ6YjgyMDdhYzQwNzViNWUxMTI3NWZjOCIsImV4cCI6MTc3MDEyMTQ2MiwiZmlkIjoiZnNiRG5TWXdTaUdud016V3BZcElKUSIsInByb2plY3ROdW1iZXIiOjg1MDIyMDAzNzA4MX0.AB2LPV8wRQIhAJO-3dvohMIOatvPyX2FPIV3gTgAKbSbFhKXHyS4eE-0AiBOSc3kXaoO-Gj606w6z8iBzCFXrP0wc7PnLEQQF7iUpg","RefreshToken":"3_AS3qfwLX3tcMMysXhgvz9bEFe5v3n9kinntpkBrsDYp12VnhdIQDQ1dkRfUuM-lIfHgqRxybFmi_ve9rMADWUqUMP6bpVeYna-OxC-Xh0W_wk5U","TokenCreationEpochInSecs":1769516662,"ExpiresInSecs":604800}