<?xml version='1.0' encoding='utf-8' standalone='yes' ?>
<map>
    <int name="AF_CACHE_VERSION" value="1" />
    <string name="prev_event_name">main_activity_on_create</string>
    <long name="prev_event_timestamp" value="1769508424696" />
    <boolean name="didSendRevenueTriggerOnLastBackground" value="false" />
    <int name="appsFlyerInAppEventCount" value="21" />
    <long name="prev_session_dur" value="16" />
    <long name="af_rc_max_age" value="86400" />
    <boolean name="ddl_sent" value="true" />
    <string name="sentSuccessfully">true</string>
    <int name="versionCode" value="5040201" />
    <string name="af_remote_config">eyJmZWF0dXJlcyI6e30sInZlciI6ImRlZmF1bHQudjEuMTYzNzE0OTUyOSJ9</string>
    <string name="savedProperties">{&quot;waitForCustomerId&quot;:&quot;false&quot;,&quot;logLevel&quot;:&quot;0&quot;,&quot;AppUserId&quot;:&quot;280128738&quot;}</string>
    <string name="AF_INSTALLATION">1769508222389-7360245322795419444</string>
    <boolean name="afUninstallToken_queued" value="false" />
    <int name="appsFlyerCount" value="10" />
    <long name="af_rc_timestamp" value="1769508223920" />
    <long name="AppsFlyerTimePassedSincePrevLaunch" value="1769508415050" />
    <boolean name="newGPReferrerSent" value="true" />
    <string name="first_launch">{&quot;net&quot;:474,&quot;from_fg&quot;:2903,&quot;start_with&quot;:&quot;application&quot;,&quot;init_to_fg&quot;:1700}</string>
    <string name="appsFlyerFirstInstall">2026-01-27_153342+0530</string>
    <string name="attributionId">{&quot;af_status&quot;:&quot;Organic&quot;,&quot;af_message&quot;:&quot;organic install&quot;,&quot;is_first_launch&quot;:false}</string>
</map>
