{
  "godel": {
    "v1-config.zip": {
      "hash": "d075d86a254dcd9ca1f198d771145015"
    }
  },
  "hyper": {
    "bundles": {
      "acs": {
        "in.juspay.godel": {
          "1.3.1": {
            "v1-acs.zip": {
              "hash": "b562e4fcc1a9f783f78cce04547c0e0d"
            }
          },
          "1.3.3": {
            "v1-acs.zip": {
              "hash": "46f7a67a3fd5a9b078a7c195633fadd6"
            }
          }
        }
      },
      "app": {
        "in.juspay.dotp": {
          "4.5.3": {
            "android": {
              "v1-index_bundle.zip": {
                "hash": "75b75d8857870dda8c1b6006361f0f92"
              }
            }
          }
        },
        "in.juspay.ec": {
          "3.18.4": {
            "android": {
              "v1-index_bundle.zip": {
                "hash": "fc767a8d3f8bdf9188579f3f22352631"
              }
            }
          }
        },
        "in.juspay.escrow": {
          "3.4.1": {
            "android": {
              "v1-index_bundle.zip": {
                "hash": "efc3a85d97aa4920982b40efaf96045a"
              }
            }
          }
        },
        "in.juspay.flyer": {
          "2.5.2": {
            "android": {
              "v1-index_bundle.zip": {
                "hash": "f839bc6db955a6f8e23935445de08265"
              }
            }
          }
        },
        "in.juspay.godel": {
          "1.2.14": {
            "android": {
              "v1-index_bundle.zip": {
                "hash": "f7186434a8c4dcbca0297d9b0ac6ce26"
              }
            }
          },
          "1.8.1": {
            "android": {
              "v1-index_bundle.zip": {
                "hash": "49097bca5ee9b0604848bc17227b574f"
              }
            }
          }
        },
        "in.juspay.hyperpay": {
          "3.80.3-release-20240102.2": {
            "android": {
              "v1-index_bundle.zip": {
                "hash": "a5ec746ee5e0b4caf33377767704b417"
              }
            }
          }
        },
        "in.juspay.hyperupi": {
          "2.2.150": {
            "android": {
              "v1-index_bundle.zip": {
                "hash": "62850106cdb6f2fc4baeceb53d99c91e"
              }
            }
          }
        },
        "in.juspay.inappupi": {
          "2.0.135": {
            "android": {
              "v1-index_bundle.zip": {
                "hash": "343f8191fd9f54b8786e4d0d0fcd4aa9"
              }
            }
          }
        },
        "in.juspay.upiintent": {
          "4.8.8": {
            "android": {
              "v1-index_bundle.zip": {
                "hash": "ea4ce0e1d9ffee8be4946ca93feb71b6"
              }
            }
          }
        },
        "in.juspay.vies": {
          "2.2.4": {
            "android": {
              "v1-index_bundle.zip": {
                "hash": "c55c9a85fa34df978ca7cca9c719316d"
              }
            }
          }
        },
        "tracker": {
          "2.0.34": {
            "v1-tracker.zip": {
              "hash": "bb2edb3fd114ae97b65461ed0bacecd7"
            }
          },
          "2.2.9": {
            "v1-tracker.zip": {
              "hash": "c4223532dfd5df4b83cdf7946ded3503"
            }
          }
        }
      },
      "config": {
        "in.juspay.godel": {
          "1.4.5": {
            "v1-config.zip": {
              "hash": "148f6906bec2c7d45e84e895dff83dd0"
            }
          }
        }
      },
      "in.juspay.merchants": {
        "bbdaily": {
          "ios": {
            "release": {
              "config.json": {
                "hash": "3hkj23h5k23jh52kj3h"
              }
            }
          }
        },
        "sonyliv": {
          "android": {
            "release": {
              "sdk_config.json": {
                "hash": "75fef58c3ef8341fbef1ea7fd4e73deb"
              }
            }
          }
        }
      },
      "release": {
        "in.juspay.godel": {
          "android": {
            "1.0rc2": {
              "common": {
                "1.0.1": {
                  "v1-boot_loader.zip": {
                    "hash": "3b52f2f0d550507208f50689c5dff01f"
                  }
                },
                "stable": {
                  "v1-boot_loader.zip": {
                    "hash": "1a675fbf2067227d1857566bc3b4ebf6"
                  }
                }
              }
            }
          }
        }
      }
    }
  },
  "juspay": {
    "payments": {
      "in.juspay.dotp": {
        "release": {
          "v1-config.zip": {
            "hash": "d1be46cb32c6ae215f492b0b963486b7"
          }
        }
      },
      "in.juspay.ec": {
        "release": {
          "v1-config.zip": {
            "hash": "01ec08875f5d676ef172339e7d3f9b8f"
          }
        }
      },
      "in.juspay.godel": {
        "release": {
          "1.0rc2": {
            "v1-acs.zip": {
              "hash": "0e6e2249b7adef09c1ffc8e673f312ae"
            }
          }
        }
      },
      "in.juspay.upiintent": {
        "release": {
          "v1-config.zip": {
            "hash": "f67f6696dc05617814c509afb42a4a43"
          }
        }
      }
    }
  }
}