<?xml version='1.0' encoding='utf-8' standalone='yes' ?>
<map>
    <long name="fire-count" value="1" />
    <string name="last-used-date">2026-01-27</string>
    <long name="fire-global" value="1769518799032" />
    <set name="fire-installations/18.0.0 device-brand/vivo fire-rc/22.1.0 kotlin/2.2.0 fire-dl/22.1.0 fire-app-check/18.0.0 fire-abt/21.1.1 fire-gcs/21.0.1 fire-core/21.0.0 fire-core-ktx/21.0.0 device-name/V2315T android-platform/ device-model/V2315 fire-transport/19.0.0 fire-sessions/2.0.9 fire-cls/19.4.1 android-target-sdk/34 fire-auth/23.2.0 android-min-sdk/23 fire-android/33 android-installer/com.android.vending fire-perf/21.0.4 fire-analytics/22.3.0 fire-fcm/24.1.0">
        <string>2026-01-27</string>
    </set>
</map>
