<?xml version='1.0' encoding='utf-8' standalone='yes' ?>
<map>
    <string name="core_user_identifiers">{&quot;uid&quot;:&quot;273966270&quot;}</string>
    <string name="user_session">{&quot;session_id&quot;:&quot;29e11b8c-3125-47b9-ad52-b5b659234dce&quot;,&quot;start_time&quot;:&quot;2026-01-27T13:10:03.391Z&quot;,&quot;last_interaction_time&quot;:1769519445930}</string>
    <int name="core_module_synced_app_version" value="5060002" />
    <long name="last_event_sync_time" value="1769519449382" />
    <string name="core_debugger_log_config">{&quot;logLevel&quot;:0,&quot;isLoggingEnabled&quot;:false,&quot;expiryTime&quot;:-1}</string>
    <string name="core_device_unique_id">87bed1d4-9189-441f-8aa4-f63a67848eb6</string>
    <long name="inapp_last_sync_time" value="1769519440" />
    <set name="sent_activity_list">
        <string>com.vlv.aravali.premium.PremiumTabParentActivity</string>
        <string>com.vlv.aravali.payments.optimizer.ui.UpiCollectActivity</string>
        <string>com.vlv.aravali.payments.common.ui.PaymentFailedActivity</string>
        <string>in.juspay.hypernfc.NfcActivity</string>
        <string>com.moengage.pushbase.activities.PushClickDialogTracker</string>
        <string>androidx.compose.ui.tooling.PreviewActivity</string>
        <string>com.vlv.aravali.views.activities.WebViewActivity</string>
        <string>com.android.billingclient.api.ProxyBillingActivityV2</string>
        <string>com.vlv.aravali.payments.legacy.ui.activity.SubsCancellationActivity</string>
        <string>com.zomato.android.zmediakit.photos.photos.view.SelectMediaActivity</string>
        <string>com.vlv.aravali.payments.juspay.ui.JuspayPaymentActivity</string>
        <string>com.google.firebase.auth.internal.RecaptchaActivity</string>
        <string>com.applisto.appcloner.classes.DefaultProvider$DefaultActivity</string>
        <string>com.vlv.aravali.settings.ui.AccountVerificationActivity</string>
        <string>com.vlv.aravali.payments.legacy.ui.activity.PauseSubscriptionActivity</string>
        <string>com.google.android.gms.ads.OutOfContextTestingActivity</string>
        <string>com.applisto.appcloner.classes.FakeCamera$FakeCameraActivity</string>
        <string>com.moengage.inbox.ui.view.InboxActivity</string>
        <string>com.vlv.aravali.signup.ui.activities.SignupActivity</string>
        <string>com.vlv.aravali.reelsTrailer.view.ReelsTrailerActivity</string>
        <string>com.google.android.gms.ads.AdActivity</string>
        <string>com.zomato.chatsdk.activities.WebViewActivity</string>
        <string>androidx.credentials.playservices.HiddenActivity</string>
        <string>easypay.appinvoke.AnalyticsManagerInfoDisplayActivity</string>
        <string>com.zomato.chatsdk.activities.NewTicketActivity</string>
        <string>com.zomato.android.zmediakit.photos.photos.view.SelectAlbumActivity</string>
        <string>com.facebook.FacebookActivity</string>
        <string>com.zomato.chatsdk.activities.ChatSDKMainActivity</string>
        <string>com.razorpay.DeeplinkActivity</string>
        <string>com.moe.pushlibrary.activities.MoEActivity</string>
        <string>com.vlv.aravali.splash.ui.SplashActivity</string>
        <string>com.google.firebase.auth.internal.GenericIdpActivity</string>
        <string>com.facebook.CustomTabMainActivity</string>
        <string>com.moengage.sdk.debugger.MoEDebuggerActivity</string>
        <string>com.google.android.play.core.common.PlayCoreDialogWrapperActivity</string>
        <string>com.vlv.aravali.views.activities.ExpandedImageActivity</string>
        <string>com.moengage.hms.pushkit.PushClickTracker</string>
        <string>com.google.android.gms.ads.NotificationHandlerActivity</string>
        <string>com.zomato.chatsdk.activities.CallbackActivity</string>
        <string>com.vlv.aravali.payments.legacy.ui.activity.LegacyPaymentActivity</string>
        <string>com.vlv.aravali.payments.optimizer.ui.PaymentActivity</string>
        <string>com.zomato.chatsdk.activities.ExpandedImageActivity</string>
        <string>com.google.android.gms.common.api.GoogleApiActivity</string>
        <string>com.zomato.android.zmediakit.photos.photos.view.CameraActivity</string>
        <string>com.zomato.chatsdk.activities.ChatSDKDeepLinkRouter</string>
        <string>com.vlv.aravali.coins.ui.activities.CoinsPaymentActivity</string>
        <string>com.google.android.gms.auth.api.signin.internal.SignInHubActivity</string>
        <string>com.applisto.appcloner.classes.ScreenSaver$ScreenSaverActivity</string>
        <string>com.moengage.cards.ui.CardActivity</string>
        <string>com.moengage.pushbase.internal.activity.PermissionActivity</string>
        <string>com.paytm.pgsdk.PaytmPGActivity</string>
        <string>com.zomato.chatsdk.activities.ChatSdkShareLocationActivity</string>
        <string>in.juspay.hypersdk.core.CustomtabResult</string>
        <string>com.canhub.cropper.CropImageActivity</string>
        <string>com.facebook.CustomTabActivity</string>
        <string>bin.mt.file.content.MTDataFilesWakeUpActivity</string>
        <string>com.zomato.chatsdk.activities.FeedbackActivity</string>
        <string>com.applisto.appcloner.classes.LogcatViewer$LogcatActivity</string>
        <string>com.moengage.pushbase.activities.PushTracker</string>
        <string>sh.measure.android.bugreport.MsrBugReportActivity</string>
        <string>com.vlv.aravali.stories.ui.LookBackActivity</string>
        <string>com.android.billingclient.api.ProxyBillingActivity</string>
        <string>com.vlv.aravali.views.activities.BaseUIActivity</string>
        <string>com.paytm.pgsdk.AioMatchUserActivity</string>
        <string>com.zomato.chatsdk.activities.MediaShowcaseActivity</string>
        <string>androidx.core.google.shortcuts.TrampolineActivity</string>
        <string>com.zomato.chatsdk.activities.ChatGenericListingActivity</string>
        <string>com.moengage.inapp.internal.activity.MoEInAppActivity</string>
        <string>com.vlv.aravali.master.ui.MasterActivity</string>
        <string>com.zomato.android.zmediakit.mediapicker.view.V2SelectMediaActivity</string>
        <string>in.juspay.hypersdk.core.CustomtabActivity</string>
    </set>
    <string name="registration_id">f-WTMlvpSsSu-lVUQWiogY:APA91bGGYbkasFGak5-7MziUNF0gbDAYP_x6IV2oecvp1Q8A_He2Ck0Lz_XM7AzDET1Kvt4lmhh7aWMagUuqiJvhr4zFWHEZP-jOrP0PU806N8DcUh7D_7U</string>
    <boolean name="is_device_registered" value="true" />
    <long name="last_config_sync_time" value="1769519172309" />
    <string name="core_moengage_environment">DEFAULT</string>
    <long name="notification_permission_tracked_time" value="1769519439560" />
    <long name="events_batch_number" value="5" />
    <long name="inapp_api_sync_delay" value="900" />
    <long name="inapp_html_assets_delete_time" value="1769519403" />
    <boolean name="has_registered_for_verification" value="false" />
    <long name="in_app_global_delay" value="900" />
    <string name="APP_UUID">69321d84-264b-4c18-84ce-bdbc306a7cb4</string>
    <string name="user_attribute_unique_id">273966270</string>
</map>
