<?xml version='1.0' encoding='utf-8' standalone='yes' ?>
<map>
    <string name="afUninstallToken">cJGVmfWfSSuEds5dQTB_rM:APA91bE56NbIV4JFGkpOY_HFc7HgfUeoO2_Es9nnTGVfD1hmh0Ov8-Kgqs3es6juE_0vbejErcJS_MWAFOgZ5-3oDA3jn9QZvtTXR_d-ajGoKwxRO9sdM7Y</string>
    <long name="prev_session_dur" value="5" />
    <long name="af_rc_max_age" value="86400" />
    <boolean name="ddl_sent" value="true" />
    <string name="sentSuccessfully">true</string>
    <string name="af_remote_config">eyJmZWF0dXJlcyI6eyJleGNfbW5nciI6W3siZGF0YSI6eyJ2MSI6eyJzZGtfdmVyIjoiMS45LjkiLCJtaW4iOjEsImV4cGlyZSI6MTB9fX1dfSwidmVyIjoiNDI5NzI5ZmIudjEuMTY4NjI0NzQ4NTAwMCJ9</string>
    <int name="versionCode" value="12192" />
    <boolean name="sentRegisterRequestToAF" value="true" />
    <string name="savedProperties">{&quot;uid&quot;:&quot;1769406822995-4742511267062498606&quot;,&quot;advertiserId&quot;:&quot;bd7f4a29-3e39-4ea6-9089-08155d1a16d7&quot;,&quot;advertiserIdEnabled&quot;:&quot;true&quot;}</string>
    <string name="AF_INSTALLATION">1769406822995-4742511267062498606</string>
    <boolean name="afUninstallToken_queued" value="false" />
    <int name="appsFlyerCount" value="3" />
    <long name="af_rc_timestamp" value="1769406822250" />
    <long name="AppsFlyerTimePassedSincePrevLaunch" value="1769406851692" />
    <boolean name="newGPReferrerSent" value="true" />
    <int name="af_send_exc_min" value="1" />
    <string name="appsFlyerFirstInstall">2026-01-26_055343+0000</string>
    <long name="afUninstallToken_received_time" value="1769406825333" />
    <string name="attributionId">{&quot;install_time&quot;:&quot;2026-01-26 05:53:45.098&quot;,&quot;af_message&quot;:&quot;organic install&quot;,&quot;af_status&quot;:&quot;Organic&quot;,&quot;is_first_launch&quot;:false}</string>
</map>
