<?xml version='1.0' encoding='utf-8' standalone='yes' ?>
<map>
    <string name="afUninstallToken">ecQ3KhWpSDme1KxGuEZ8eG:APA91bHRPrIbZHAuNNID8rIdvjADD9Agh5QkVosixfyXXOUk6KAhtsofsNuK-x2jLdSRiRMH4Vet9yFxBqB7pyOPeYqIfVD2cG-QJg8D_SAsXYHd_2VApcQ</string>
    <long name="prev_session_dur" value="21" />
    <long name="af_rc_max_age" value="86400" />
    <boolean name="ddl_sent" value="true" />
    <string name="sentSuccessfully">true</string>
    <string name="af_remote_config">eyJmZWF0dXJlcyI6eyJleGNfbW5nciI6W3siZGF0YSI6eyJ2MSI6eyJzZGtfdmVyIjoiMS45LjkiLCJtaW4iOjEsImV4cGlyZSI6MTB9fX1dfSwidmVyIjoiNDI5NzI5ZmIudjEuMTY4NjI0NzQ4NTAwMCJ9</string>
    <int name="versionCode" value="12192" />
    <boolean name="sentRegisterRequestToAF" value="true" />
    <string name="savedProperties">{&quot;uid&quot;:&quot;1769410037795-4747367661777704764&quot;,&quot;advertiserId&quot;:&quot;bd7f4a29-3e39-4ea6-9089-08155d1a16d7&quot;,&quot;advertiserIdEnabled&quot;:&quot;true&quot;}</string>
    <string name="AF_INSTALLATION">1769410037795-4747367661777704764</string>
    <boolean name="afUninstallToken_queued" value="false" />
    <int name="appsFlyerCount" value="2" />
    <long name="af_rc_timestamp" value="1769410036924" />
    <long name="AppsFlyerTimePassedSincePrevLaunch" value="1769410488031" />
    <boolean name="newGPReferrerSent" value="true" />
    <int name="af_send_exc_min" value="1" />
    <string name="appsFlyerFirstInstall">2026-01-26_064718+0000</string>
    <long name="afUninstallToken_received_time" value="1769410040064" />
    <string name="attributionId">{&quot;install_time&quot;:&quot;2026-01-26 06:47:20.684&quot;,&quot;af_message&quot;:&quot;organic install&quot;,&quot;af_status&quot;:&quot;Organic&quot;,&quot;is_first_launch&quot;:false}</string>
</map>
