<?xml version='1.0' encoding='utf-8' standalone='yes' ?>
<map>
    <string name="pfworkid">6ZW-45W-W84Z</string>
    <int name="imc:__1efb7bcb1faa4f92a858c6e7ef4d769e:6ZW-45W-W84Z" value="10" />
    <string name="instance:6ZW-45W-W84Z">{&quot;accountId&quot;:&quot;6ZW-45W-W84Z&quot;,&quot;accountToken&quot;:&quot;054-016&quot;,&quot;analyticsOnly&quot;:false,&quot;isDefaultInstance&quot;:true,&quot;useGoogleAdId&quot;:false,&quot;disableAppLaunchedEvent&quot;:false,&quot;personalization&quot;:true,&quot;debugLevel&quot;:0,&quot;createdPostAppLaunch&quot;:false,&quot;sslPinning&quot;:false,&quot;backgroundSync&quot;:true,&quot;getEnableCustomCleverTapId&quot;:false,&quot;beta&quot;:false,&quot;encryptionLevel&quot;:0}</string>
    <int name="comms_last_ts:6ZW-45W-W84Z" value="1769406852" />
    <int name="comms_first_ts:6ZW-45W-W84Z" value="1769406824" />
    <string name="ict_date:__1efb7bcb1faa4f92a858c6e7ef4d769e:6ZW-45W-W84Z">26012026</string>
    <int name="istc_inapp:__1efb7bcb1faa4f92a858c6e7ef4d769e:6ZW-45W-W84Z" value="0" />
    <int name="sexe:6ZW-45W-W84Z" value="1769406849" />
    <int name="lastSessionId:6ZW-45W-W84Z" value="1769406822" />
    <string name="deviceId:6ZW-45W-W84Z">__1efb7bcb1faa4f92a858c6e7ef4d769e</string>
    <int name="istmcd_inapp:__1efb7bcb1faa4f92a858c6e7ef4d769e:6ZW-45W-W84Z" value="10" />
    <string name="fcm_token:6ZW-45W-W84Z">cJGVmfWfSSuEds5dQTB_rM:APA91bE56NbIV4JFGkpOY_HFc7HgfUeoO2_Es9nnTGVfD1hmh0Ov8-Kgqs3es6juE_0vbejErcJS_MWAFOgZ5-3oDA3jn9QZvtTXR_d-ajGoKwxRO9sdM7Y</string>
    <string name="SP_KEY_PROFILE_IDENTITIES:6ZW-45W-W84Z">Email,Identity</string>
    <boolean name="OptOut:__1efb7bcb1faa4f92a858c6e7ef4d769e:6ZW-45W-W84Z" value="true" />
    <long name="last_assets_cleanup" value="1769406824612" />
</map>
