<?xml version='1.0' encoding='utf-8' standalone='yes' ?>
<map>
    <int name="istmcd_inapp:__a2482b7b754646a1916effa9dac15cce:6ZW-45W-W84Z" value="10" />
    <string name="pfworkid">6ZW-45W-W84Z</string>
    <string name="instance:6ZW-45W-W84Z">{&quot;accountId&quot;:&quot;6ZW-45W-W84Z&quot;,&quot;accountToken&quot;:&quot;054-016&quot;,&quot;analyticsOnly&quot;:false,&quot;isDefaultInstance&quot;:true,&quot;useGoogleAdId&quot;:false,&quot;disableAppLaunchedEvent&quot;:false,&quot;personalization&quot;:true,&quot;debugLevel&quot;:0,&quot;createdPostAppLaunch&quot;:false,&quot;sslPinning&quot;:false,&quot;backgroundSync&quot;:true,&quot;getEnableCustomCleverTapId&quot;:false,&quot;beta&quot;:false,&quot;encryptionLevel&quot;:0}</string>
    <int name="istc_inapp:__a2482b7b754646a1916effa9dac15cce:6ZW-45W-W84Z" value="0" />
    <int name="comms_last_ts:6ZW-45W-W84Z" value="1769410489" />
    <int name="comms_first_ts:6ZW-45W-W84Z" value="1769410039" />
    <string name="ict_date:__a2482b7b754646a1916effa9dac15cce:6ZW-45W-W84Z">26012026</string>
    <int name="sexe:6ZW-45W-W84Z" value="1769410060" />
    <int name="lastSessionId:6ZW-45W-W84Z" value="1769410036" />
    <string name="deviceId:6ZW-45W-W84Z">__a2482b7b754646a1916effa9dac15cce</string>
    <boolean name="OptOut:__a2482b7b754646a1916effa9dac15cce:6ZW-45W-W84Z" value="true" />
    <int name="imc:__a2482b7b754646a1916effa9dac15cce:6ZW-45W-W84Z" value="10" />
    <string name="fcm_token:6ZW-45W-W84Z">ecQ3KhWpSDme1KxGuEZ8eG:APA91bHRPrIbZHAuNNID8rIdvjADD9Agh5QkVosixfyXXOUk6KAhtsofsNuK-x2jLdSRiRMH4Vet9yFxBqB7pyOPeYqIfVD2cG-QJg8D_SAsXYHd_2VApcQ</string>
    <string name="SP_KEY_PROFILE_IDENTITIES:6ZW-45W-W84Z">Email,Identity</string>
    <long name="last_assets_cleanup" value="1769410039792" />
</map>
