<?xml version='1.0' encoding='utf-8' standalone='yes' ?>
<map>
    <string name="gcd">{&quot;net&quot;:4576,&quot;retries&quot;:0}</string>
    <string name="afUninstallToken">f5YL_HhCQKG-nmmcDmALKp:APA91bGV2sGG2J4kqb2p0GGSjT_tkAQMiLwkBYRucbzyxK87jUyulaNwhOxibwj8laxYcVM_MYPBGB3K0tVR6JfcF1y405IpZtBTrOAAmP8It9YmkCj1FRI</string>
    <long name="prev_session_dur" value="37" />
    <long name="af_rc_max_age" value="86400" />
    <boolean name="ddl_sent" value="true" />
    <string name="sentSuccessfully">true</string>
    <string name="ddl">{&quot;rfr_wait&quot;:1,&quot;net&quot;:[9316,0],&quot;from_fg&quot;:34,&quot;timeout_value&quot;:3000,&quot;status&quot;:&quot;ERROR&quot;}</string>
    <string name="af_remote_config">eyJmZWF0dXJlcyI6e30sInZlciI6ImRlZmF1bHQudjEuMTYzNzE0OTUyOSJ9</string>
    <int name="versionCode" value="20268" />
    <boolean name="sentRegisterRequestToAF" value="true" />
    <string name="savedProperties">{&quot;uid&quot;:&quot;1767711322104-4824729844360117565&quot;,&quot;logLevel&quot;:&quot;0&quot;,&quot;advertiserId&quot;:&quot;bd7f4a29-3e39-4ea6-9089-08155d1a16d7&quot;,&quot;advertiserIdEnabled&quot;:&quot;true&quot;}</string>
    <string name="AF_INSTALLATION">1767711322104-4824729844360117565</string>
    <boolean name="afUninstallToken_queued" value="false" />
    <int name="appsFlyerCount" value="2" />
    <long name="af_rc_timestamp" value="1767711295716" />
    <long name="AppsFlyerTimePassedSincePrevLaunch" value="1767711327373" />
    <boolean name="newGPReferrerSent" value="true" />
    <string name="appsFlyerFirstInstall">2026-01-06_145522+0000</string>
    <long name="afUninstallToken_received_time" value="1767711322146" />
    <string name="attributionId">{&quot;install_time&quot;:&quot;2026-01-06 14:55:37.247&quot;,&quot;af_message&quot;:&quot;organic install&quot;,&quot;af_status&quot;:&quot;Organic&quot;,&quot;is_first_launch&quot;:false}</string>
</map>
