<?xml version='1.0' encoding='utf-8' standalone='yes' ?>
<map>
    <string name="afUninstallToken">fkyze10KTTOTq--JVEmdXR:APA91bH3wt6xU5P5KEIqpxSzjbniW4Q4NaVoLSUueyz5QB4XDT0Q5aORQhIX3uOwUj2-JpWfVQeGcRNWyrjZmHE6VRjE3OuwNeGit23MX6ORBc_6745wAx8</string>
    <long name="prev_session_dur" value="55" />
    <long name="af_rc_max_age" value="86400" />
    <boolean name="ddl_sent" value="true" />
    <string name="sentSuccessfully">true</string>
    <string name="af_remote_config">eyJmZWF0dXJlcyI6e30sInZlciI6ImRlZmF1bHQudjEuMTYzNzE0OTUyOSJ9</string>
    <int name="versionCode" value="20449" />
    <boolean name="sentRegisterRequestToAF" value="true" />
    <string name="savedProperties">{&quot;uid&quot;:&quot;1769341765444-5649765564965164612&quot;,&quot;waitForCustomerId&quot;:&quot;false&quot;,&quot;logLevel&quot;:&quot;0&quot;,&quot;AppUserId&quot;:&quot;__1142245ec29d4da69cd0b0cb59dd2431&quot;,&quot;advertiserId&quot;:&quot;bd7f4a29-3e39-4ea6-9089-08155d1a16d7&quot;,&quot;advertiserIdEnabled&quot;:&quot;true&quot;}</string>
    <string name="AF_INSTALLATION">1769341765444-5649765564965164612</string>
    <boolean name="afUninstallToken_queued" value="false" />
    <int name="appsFlyerCount" value="2" />
    <long name="af_rc_timestamp" value="1769341763474" />
    <long name="AppsFlyerTimePassedSincePrevLaunch" value="1769341778828" />
    <boolean name="newGPReferrerSent" value="true" />
    <string name="appsFlyerFirstInstall">2026-01-25_114925+0000</string>
    <long name="afUninstallToken_received_time" value="1769341766613" />
    <string name="attributionId">{&quot;install_time&quot;:&quot;2026-01-25 11:49:27.923&quot;,&quot;af_message&quot;:&quot;organic install&quot;,&quot;af_status&quot;:&quot;Organic&quot;,&quot;is_first_launch&quot;:false}</string>
</map>
