<?xml version='1.0' encoding='utf-8' standalone='yes' ?>
<map>
    <set name="fire-db-ktx/20.3.1 device-brand/vivo fire-cls/18.6.4 fire-fcm/23.4.1 fire-sessions/1.2.4 fire-core-ktx/20.4.3 fire-analytics/21.6.2 fire-abt/21.1.1 fire-core/20.4.3 device-name/V2315T android-platform/ fire-gcs/20.3.0 kotlin/1.9.22 fire-transport/18.1.8 device-model/V2315 android-target-sdk/34 android-min-sdk/23 fire-android/33 fire-perf/20.5.2 android-installer/com.android.vending fire-perf-ktx/20.5.2 fire-installations/17.2.0 fire-rtdb/20.3.1 fire-dl/21.2.0 fire-rc/21.6.3 fire-app-check/17.1.2">
        <string>2026-01-06</string>
    </set>
    <long name="fire-count" value="1" />
    <string name="last-used-date">2026-01-06</string>
    <long name="fire-global" value="1767711293924" />
</map>
