<?xml version='1.0' encoding='utf-8' standalone='yes' ?>
<map>
    <boolean name="IS_GDPR" value="false" />
    <boolean name="IS_DETAILS_PAGE_REVAMP" value="true" />
    <string name="ads">{&quot;spotlight&quot;:{&quot;autoplay_time_secs&quot;:0,&quot;autoplay_trailer_enabled&quot;:false,&quot;autoplay_trailer_time_secs&quot;:0,&quot;autoscroll_time_secs&quot;:0,&quot;prefetch_ad_tag&quot;:[{&quot;ad_size&quot;:&quot;[\u0027fluid\u0027]&quot;,&quot;ad_type&quot;:&quot;display_ad&quot;,&quot;ad_unit&quot;:&quot;/423477888/SonyLiv/Native_Multiformat_App_Spotlight_Android_2.0&quot;,&quot;auto_hide&quot;:2000,&quot;page_id&quot;:&quot;34357&quot;,&quot;spot_loc&quot;:1,&quot;template_id&quot;:11947568,&quot;timeout&quot;:5000}],&quot;prefetch_enable&quot;:true,&quot;ripple_effect_count&quot;:0,&quot;watchlist_animation&quot;:false,&quot;watchlist_animation_delay_secs&quot;:0}}</string>
    <string name="CacheMigrationVersionCode">20268</string>
    <boolean name="DISABLE_ALL_ADS" value="true" />
    <boolean name="is_first_launch" value="true" />
</map>
