<?xml version='1.0' encoding='utf-8' standalone='yes' ?>
<map>
    <boolean name="ENABLE_NETWORK_DIAGNOSTIC" value="false" />
    <string name="CacheMigrationVersionCode">20449</string>
    <long name="NETWORK_TIME_OUT" value="10" />
    <int name="AUTO_RETRY_COUNT" value="0" />
    <boolean name="is_first_launch" value="true" />
    <long name="CONNECTION_KEEP_ALIVE_IN_MINS" value="5" />
    <long name="NETWORK_CHECK_TIMEOUT" value="3" />
    <int name="SERVER_ERROR_MAX_RETRY" value="1" />
    <string name="avif_operation_mode">ACTIVE</string>
    <long name="SLOW_INTERNET_THRESHOLD" value="512" />
    <long name="PLAYER_CONNECTION_KEEP_ALIVE_IN_MINS" value="5" />
    <boolean name="RETRY_SLOW_NETWORK_FAILURES" value="false" />
    <string name="USER_STATE">SR</string>
    <string name="config_app_launch_timeout">{&quot;firebase_timeout_in_sec&quot;:5,&quot;splash_timeout_in_sec&quot;:7}</string>
    <long name="NETWORK_CACHE_SIZE" value="150" />
    <long name="SPEED_CHECK_TIMEOUT" value="3" />
    <long name="SPLASH_TIMEOUT" value="10" />
    <long name="DISABLE_CTA_COOL_DOWN" value="60" />
    <boolean name="config_akamai_botman_enabled" value="true" />
    <boolean name="IS_GDPR" value="false" />
    <boolean name="IS_DETAILS_PAGE_REVAMP" value="true" />
    <boolean name="RETRY_SERVER_ERROR_FAILURES" value="false" />
    <boolean name="DISABLE_ALL_ADS" value="false" />
    <string name="SESSION_ID">1bfd8ff042339e6c_1769341763207</string>
    <string name="DEVICE_ID">1bfd8ff042339e6c</string>
    <boolean name="IS_SHOULD_SKIP_EVENT_QUEUING" value="true" />
</map>
