<?xml version='1.0' encoding='utf-8' standalone='yes' ?>
<map>
    <int name="encryptionMigrationFailureCount:48K-8WW-754Z" value="0" />
    <string name="deviceId:48K-8WW-754Z">__1142245ec29d4da69cd0b0cb59dd2431</string>
    <string name="pfworkid">48K-8WW-754Z</string>
    <int name="cachedGUIDsLengthKey:48K-8WW-754Z" value="2" />
    <int name="lastSessionId:48K-8WW-754Z" value="1769341763" />
    <boolean name="NetworkInfo:48K-8WW-754Z" value="true" />
    <string name="fcm_token:48K-8WW-754Z">fkyze10KTTOTq--JVEmdXR:APA91bH3wt6xU5P5KEIqpxSzjbniW4Q4NaVoLSUueyz5QB4XDT0Q5aORQhIX3uOwUj2-JpWfVQeGcRNWyrjZmHE6VRjE3OuwNeGit23MX6ORBc_6745wAx8</string>
    <string name="ict_date:__1142245ec29d4da69cd0b0cb59dd2431:48K-8WW-754Z">25012026</string>
    <string name="comms_dmn:48K-8WW-754Z">eu1.clevertap-prod.com</string>
    <int name="comms_last_ts:48K-8WW-754Z" value="1769341812" />
    <int name="comms_first_ts:48K-8WW-754Z" value="1769341765" />
    <int name="encryptionLevel:48K-8WW-754Z" value="0" />
    <int name="sexe:48K-8WW-754Z" value="1769341833" />
    <int name="comms_mtd:48K-8WW-754Z" value="0" />
    <int name="imc:__1142245ec29d4da69cd0b0cb59dd2431:48K-8WW-754Z" value="5" />
    <boolean name="ssInAppMigrated:48K-8WW-754Z" value="true" />
    <boolean name="OptOut:__1142245ec29d4da69cd0b0cb59dd2431:48K-8WW-754Z" value="false" />
    <int name="istc_inapp:__1142245ec29d4da69cd0b0cb59dd2431:48K-8WW-754Z" value="1" />
    <string name="instance:48K-8WW-754Z">{&quot;accountId&quot;:&quot;48K-8WW-754Z&quot;,&quot;accountToken&quot;:&quot;00b-3b4&quot;,&quot;fcmSenderId&quot;:&quot;732565920259&quot;,&quot;analyticsOnly&quot;:false,&quot;isDefaultInstance&quot;:true,&quot;useGoogleAdId&quot;:false,&quot;disableAppLaunchedEvent&quot;:false,&quot;personalization&quot;:true,&quot;debugLevel&quot;:0,&quot;createdPostAppLaunch&quot;:false,&quot;sslPinning&quot;:false,&quot;backgroundSync&quot;:true,&quot;getEnableCustomCleverTapId&quot;:false,&quot;beta&quot;:false,&quot;encryptionLevel&quot;:0,&quot;allowedPushTypes&quot;:[]}</string>
    <string name="comms_dmn_spiky:48K-8WW-754Z">eu1-spiky.clevertap-prod.com</string>
    <string name="SP_KEY_PROFILE_IDENTITIES:48K-8WW-754Z">Email,Identity</string>
    <string name="cachedGUIDsKey:48K-8WW-754Z">{&quot;Email_&quot;:&quot;__1142245ec29d4da69cd0b0cb59dd2431&quot;,&quot;Identity_2301220523251760490&quot;:&quot;__1142245ec29d4da69cd0b0cb59dd2431&quot;}</string>
    <int name="istmcd_inapp:__1142245ec29d4da69cd0b0cb59dd2431:48K-8WW-754Z" value="10" />
    <long name="last_assets_cleanup" value="1769341765448" />
</map>
