<?xml version='1.0' encoding='utf-8' standalone='yes' ?>
<map>
    <int name="d_ts" value="1769341766" />
    <int name="dh" value="-646902701" />
    <int name="hgt" value="4" />
    <string name="av">6.28.6</string>
    <int name="v" value="2" />
    <int name="wdt" value="2" />
    <string name="j_n">Zw==</string>
    <string name="i_n">ZW9gcwoJAQVkbA==</string>
    <int name="r_ts" value="1769341813" />
    <string name="id">48K-8WW-754Z</string>
    <string name="k_n">DHhgeAIBAwZnb2B4ZW9jfAQABQ1neA8=</string>
    <string name="j_s">{}</string>
</map>
