<?xml version='1.0' encoding='utf-8' standalone='yes' ?>
<map>
    <boolean name="OptOut:__5ec9c89f7ffb4a6c9bf7eec1d47055fe:48K-8WW-754Z" value="false" />
    <string name="deviceId:48K-8WW-754Z">__5ec9c89f7ffb4a6c9bf7eec1d47055fe</string>
    <string name="pfworkid">48K-8WW-754Z</string>
    <int name="lastSessionId:48K-8WW-754Z" value="1767711295" />
    <string name="fcm_token:48K-8WW-754Z">f5YL_HhCQKG-nmmcDmALKp:APA91bGV2sGG2J4kqb2p0GGSjT_tkAQMiLwkBYRucbzyxK87jUyulaNwhOxibwj8laxYcVM_MYPBGB3K0tVR6JfcF1y405IpZtBTrOAAmP8It9YmkCj1FRI</string>
    <boolean name="NetworkInfo:48K-8WW-754Z" value="true" />
    <string name="comms_dmn:48K-8WW-754Z">eu1.clevertap-prod.com</string>
    <int name="comms_last_ts:48K-8WW-754Z" value="1767711355" />
    <int name="comms_first_ts:48K-8WW-754Z" value="1767711297" />
    <int name="istc_inapp:__5ec9c89f7ffb4a6c9bf7eec1d47055fe:48K-8WW-754Z" value="0" />
    <int name="sexe:48K-8WW-754Z" value="1767711364" />
    <string name="ict_date:__5ec9c89f7ffb4a6c9bf7eec1d47055fe:48K-8WW-754Z">06012026</string>
    <int name="comms_mtd:48K-8WW-754Z" value="0" />
    <string name="instance:48K-8WW-754Z">{&quot;accountId&quot;:&quot;48K-8WW-754Z&quot;,&quot;accountToken&quot;:&quot;00b-3b4&quot;,&quot;fcmSenderId&quot;:&quot;732565920259&quot;,&quot;analyticsOnly&quot;:false,&quot;isDefaultInstance&quot;:true,&quot;useGoogleAdId&quot;:false,&quot;disableAppLaunchedEvent&quot;:false,&quot;personalization&quot;:true,&quot;debugLevel&quot;:0,&quot;createdPostAppLaunch&quot;:false,&quot;sslPinning&quot;:false,&quot;backgroundSync&quot;:true,&quot;getEnableCustomCleverTapId&quot;:false,&quot;beta&quot;:false,&quot;encryptionLevel&quot;:0}</string>
    <int name="istmcd_inapp:__5ec9c89f7ffb4a6c9bf7eec1d47055fe:48K-8WW-754Z" value="10" />
    <string name="comms_dmn_spiky:48K-8WW-754Z">eu1-spiky.clevertap-prod.com</string>
    <string name="SP_KEY_PROFILE_IDENTITIES:48K-8WW-754Z">Email,Identity</string>
    <string name="cachedGUIDsKey:48K-8WW-754Z">{&quot;Email_&quot;:&quot;__5ec9c89f7ffb4a6c9bf7eec1d47055fe&quot;,&quot;Identity_2301220523251760490&quot;:&quot;__5ec9c89f7ffb4a6c9bf7eec1d47055fe&quot;}</string>
    <int name="imc:__5ec9c89f7ffb4a6c9bf7eec1d47055fe:48K-8WW-754Z" value="5" />
    <long name="last_assets_cleanup" value="1767711300600" />
</map>
