<?xml version='1.0' encoding='utf-8' standalone='yes' ?>
<map>
    <int name="__triggers_1767682632" value="4" />
    <int name="__triggers_1756038299" value="8" />
    <int name="__triggers_1767684933" value="4" />
    <int name="__triggers_1767687719" value="4" />
    <int name="__triggers_1752580699" value="4" />
    <int name="__triggers_1767687362" value="4" />
    <int name="__triggers_1767687482" value="4" />
    <int name="__triggers_1722603357" value="4" />
    <int name="__triggers_1767687134" value="4" />
    <int name="__triggers_1767682760" value="4" />
    <int name="__triggers_1767687645" value="4" />
    <int name="__triggers_1767687424" value="4" />
    <int name="__triggers_1767687523" value="4" />
    <int name="__triggers_1767687677" value="4" />
</map>
