{"Fid":"da3c0b0fTfW90gfuCbwLYL","Status":3,"AuthToken":"eyJhbGciOiJFUzI1NiIsInR5cCI6IkpXVCJ9.eyJhcHBJZCI6IjE6ODUwMjIwMDM3MDgxOmFuZHJvaWQ6YjgyMDdhYzQwNzViNWUxMTI3NWZjOCIsImV4cCI6MTc3MDEzMTIxMCwiZmlkIjoiZGEzYzBiMGZUZlc5MGdmdUNid0xZTCIsInByb2plY3ROdW1iZXIiOjg1MDIyMDAzNzA4MX0.AB2LPV8wRgIhAMeVjjM5ZSidnZLdj7F3tmvGOQgrgos1Y6jOz3TkwOxDAiEAuu4MSN4GCKgk10WWhLK25Ro0q0_I1X-rE0-336_l6uY","RefreshToken":"3_AS3qfwKav-wFZ1D8yj_20rtjyfLA632SgcWdIRSwmhJjsIRzAD_zaEFtrQ--pvLw-hNDWpgVSMMDa8zgypORzaW5yXAIzADFPNySAa7Mh-S2pw","TokenCreationEpochInSecs":1769526409,"ExpiresInSecs":604800}