{"Fid":"cw54-ygaTdCqYhzFXin9_0","Status":3,"AuthToken":"eyJhbGciOiJFUzI1NiIsInR5cCI6IkpXVCJ9.eyJhcHBJZCI6IjE6ODUwMjIwMDM3MDgxOmFuZHJvaWQ6YjgyMDdhYzQwNzViNWUxMTI3NWZjOCIsImV4cCI6MTc3MDExNzI2OCwiZmlkIjoiY3c1NC15Z2FUZENxWWh6RlhpbjlfMCIsInByb2plY3ROdW1iZXIiOjg1MDIyMDAzNzA4MX0.AB2LPV8wRAIgEt3p_xchvDYqpsCz9SNaltp1Ci1-LQ2VOhMAArIGxnACIDWmpoI7aKZpFr9rZFvo6jQIBapodW7ahidAUi4qgLyG","RefreshToken":"3_AS3qfwLTaP1TXMAiu85nXW0uvqfVLKNrLN7vevXB4Ni77wS0xdAVw-RO3vlFta3JYxZGPViPYMxD0dAF7pHH-RGojOdL79UsT8aGCLniqD8wbeA","TokenCreationEpochInSecs":1769512468,"ExpiresInSecs":604800}