{"Fid":"fVP5ExqjSO-qUxMGxRu8Dw","Status":3,"AuthToken":"eyJhbGciOiJFUzI1NiIsInR5cCI6IkpXVCJ9.eyJhcHBJZCI6IjE6ODUwMjIwMDM3MDgxOmFuZHJvaWQ6YjgyMDdhYzQwNzViNWUxMTI3NWZjOCIsImV4cCI6MTc2OTgzODM0NSwiZmlkIjoiZlZQNUV4cWpTTy1xVXhNR3hSdThEdyIsInByb2plY3ROdW1iZXIiOjg1MDIyMDAzNzA4MX0.AB2LPV8wRQIgNcC9R9qzctSIb8kDJz70NNddAeCmlo9fxdYVSkMtOyUCIQDT8qJuBnJYZYzA8sFKt72fcwDmplUxP-YkEUOzIxgrWA","RefreshToken":"3_AS3qfwKRhQ9hid1ka3gyLZfivi9ZrDw1JngE0uc4lebXdVBgtWISsKGwA_ypirAcFUoRgQLr2rA-1q4lqdQewsTJ-SDkAbNp8pkHuDlIT8dmqQ","TokenCreationEpochInSecs":1769233544,"ExpiresInSecs":604800}