{"privacy_policy_dialog":"Privacy Policy\r\n\r\nWe recognize that your privacy is very important, and we are committed to protecting and respecting your privacy.\r\n\r\nWe hope that you will take the time to read it carefully before you use HW Info.","internet_error_dialog":"Internet Connection Error\r\n- Make sure you are connected to the internet.\r\n- Make sure your internet is smooth and fast.\r\n- Do not use proxy\/vpn.\r\n- Do not use custom DNS.\r\n- Do not use AdBlocker.","notification_permissions":"🔔🔔🔔🔔🔔\r\nYou need enable notification for this app\r\n* if you are using android 13 or android Tiramisu and up and request notification failed, please allow notification from android setting for this app\r\n* If you use Android 12 and below, please allow notification from android setting for this app","rating_msg":"⭐ ⭐ ⭐ ⭐ ⭐\r\nDo you like the content in this app?\r\nHelp us give 5 stars on play store and write your experience using this app","req_ads_failed":"Request ads failed, please try again.","watch_ad":"🎁🎁🎁🎁🎁\r\nWatch ads to continue"}