{
    "version": "2.1",
    "cpu_lookup": {
        "cpu_implementer": {
            "0x41": "ARM Ltd",
            "0x42": "Broadcom",
            "0x43": "Cavium (Marvell)",
            "0x44": "DEC",
            "0x46": "Fujitsu",
            "0x48": "HiSilicon (Huawei)",
            "0x49": "Infineon",
            "0x4e": "NVIDIA",
            "0x50": "Applied Micro",
            "0x51": "Qualcomm",
            "0x53": "Samsung",
            "0x56": "Marvell",
            "0x61": "Apple",
            "0x66": "MediaTek",
            "0x69": "Intel",
            "0x70": "Phytium",
            "0xc0": "Ampere Computing",
            "0xc1": "Alibaba T-Head",
            "0xc2": "SiFive (RISC-V)",
            "0xc3": "Baidu Kunlun (RISC-V)",
            "0xc4": "Kneron AI (RISC-V)",
            "0x7d": "Unisoc (Spreadtrum)"
        },
        "cpu_architecture": {
            "4": "ARMv4 (legacy)",
            "5": "ARMv5 (legacy)",
            "6": "ARMv6 (legacy 32-bit)",
            "7": "ARMv7-A (32-bit)",
            "8": "ARMv8-A (64-bit)",
            "9": "ARMv9-A (64-bit, SVE2)",
            "10": "ARMv9.1-A (update)",
            "11": "ARMv9.2-A",
            "12": "ARMv9.3-A"
        },
        "cpu_part": {
            "0xc05": "Cortex-A5",
            "0xc07": "Cortex-A7",
            "0xc08": "Cortex-A8",
            "0xc09": "Cortex-A9",
            "0xc0e": "Cortex-A17",
            "0xc0f": "Cortex-A15",
            "0xd01": "Cortex-A1x (vendor)",
            "0xd02": "Cortex-A32",
            "0xd03": "Cortex-A53",
            "0xd04": "Cortex-A35",
            "0xd05": "Cortex-A55",
            "0xd06": "Cortex-A65",
            "0xd07": "Cortex-A57",
            "0xd08": "Cortex-A72",
            "0xd09": "Cortex-A73",
            "0xd0a": "Cortex-A75",
            "0xd0b": "Cortex-A76",
            "0xd0c": "Cortex-A77",
            "0xd0d": "Cortex-A78C",
            "0xd40": "Cortex-A78",
            "0xd41": "Cortex-A78AE",
            "0xd42": "Cortex-X1",
            "0xd43": "Cortex-X2",
            "0xd44": "Cortex-X3",
            "0xd45": "Cortex-X4",
            "0xd46": "Cortex-A510",
            "0xd47": "Cortex-A710",
            "0xd48": "Cortex-X3 variant",
            "0xd49": "Cortex-A715",
            "0xd4a": "Cortex-X4",
            "0xd4b": "Cortex-A720",
            "0xd4c": "Cortex-X925 (future)",
            "0xd4d": "Cortex-A725",
            "0xd4e": "Cortex-A730",
            "0xd4f": "Cortex-A735",
            "0x200": "Qualcomm Kryo (early)",
            "0x201": "Qualcomm Kryo (variant)",
            "0x202": "Qualcomm Kryo (variant)",
            "0x203": "Qualcomm Kryo (variant)",
            "0x204": "Qualcomm Kryo (variant)",
            "0x205": "Kryo (Snapdragon 821 / Kryo variant)",
            "0x206": "Kryo (Snapdragon family)",
            "0x210": "Kryo 2xx family",
            "0x211": "Kryo 260 Silver",
            "0x212": "Kryo 260 Gold",
            "0x220": "Kryo 280 family",
            "0x230": "Kryo 385 family",
            "0x240": "Kryo 385/prime family",
            "0x250": "Kryo 585 family",
            "0x260": "Kryo 680/685 family",
            "0x270": "Kryo 780 family",
            "0x280": "Kryo Gen2 family",
            "0x300": "Qualcomm custom (legacy)",
            "0x800": "Kryo 280 (Snapdragon 835)",
            "0x801": "Kryo 260 Gold (SD660/636)",
            "0x802": "Kryo 260 Silver (SD660/636)",
            "0x803": "Kryo 385 Gold (SD845)",
            "0x804": "Kryo 385 Silver (SD845)",
            "0x805": "Kryo 585 (SD865/870)",
            "0x806": "Kryo 680 (SD888/8 Gen 1)",
            "0x807": "Kryo 780 (SD8 Gen 1+)",
            "0x808": "Kryo Prime (SD8 Gen 2)",
            "0x809": "Kryo 8xx family (Gen2)",
            "0x810": "Kryo 8xx family (Gen3)",
            "0x901": "MediaTek custom mapping (Helio/Dimensity)",
            "0x902": "MediaTek Helio X20 (Cortex-A72 cluster)",
            "0x903": "MediaTek Helio X25 (Cortex-A72 cluster)",
            "0x904": "MediaTek Helio P / similar",
            "0x905": "MediaTek Dimensity 1000 (A77 cluster)",
            "0x906": "MediaTek Dimensity 1200 (A78 cluster)",
            "0x907": "MediaTek Dimensity 9000 (X2/A710/A510)",
            "0x908": "MediaTek Dimensity 8100 family",
            "0x909": "MediaTek Dimensity 700/800 series",
            "0xa01": "HiSilicon Kirin 950 (Cortex-A72)",
            "0xa02": "HiSilicon Kirin 960 (Cortex-A73)",
            "0xa03": "HiSilicon Kirin 970 (Cortex-A73)",
            "0xa04": "HiSilicon Kirin 980 (Cortex-A76)",
            "0xa05": "HiSilicon Kirin 990 (Cortex-A76)",
            "0xa06": "HiSilicon Kirin 9000 (Cortex-A78)",
            "0xb00": "Rockchip RK series (generic)",
            "0xb01": "Allwinner A series (generic)",
            "0xb10": "UNISOC Tiger series (generic)",
            "0xc00": "Intel Atom (legacy/x86 mapping)",
            "0xd00": "Vendor-specific id (generic)"
        },
        "cpu_variant": {
            "0x0": "Variant 0 (initial core revision)",
            "0x1": "Variant 1 (minor update)",
            "0x2": "Variant 2 (bugfix/stepping)",
            "0x3": "Variant 3 (optimized variant)",
            "0x4": "Variant 4 (low power tuning)",
            "0x5": "Variant 5 (custom tuning)",
            "0x6": "Variant 6 (vendor patch level)",
            "0x7": "Variant 7 (vendor-defined)",
            "0x8": "Variant 8 (vendor major revision)",
            "0x9": "Variant 9 (vendor major revision)",
            "0xa": "Variant 10 (Qualcomm Kryo v2 major)",
            "0xb": "Variant 11 (vendor specific)",
            "0xc": "Variant 12 (custom optimized design)",
            "0xd": "Variant 13 (internal)",
            "0xe": "Variant 14 (internal)",
            "0xf": "Variant 15 (final/internal test variant)"
        }
    },
    "vendors": [
        {
            "vendor": "Qualcomm",
            "icon": "qualcomm.png",
            "keywords": [
                "snapdragon",
                "kryo",
                "msm",
                "sdm",
                "qc",
                "adreno"
            ]
        },
        {
            "vendor": "MediaTek",
            "icon": "mediatek.png",
            "keywords": [
                "mediatek",
                "helio",
                "dimensity",
                "mt",
                "dim"
            ]
        },
        {
            "vendor": "Samsung",
            "icon": "samsung.png",
            "keywords": [
                "exynos",
                "smdk",
                "samsung"
            ]
        },
        {
            "vendor": "Google",
            "icon": "google.png",
            "keywords": [
                "tensor",
                "gs101",
                "gs201",
                "gs301",
                "gs401",
                "google tensor"
            ]
        },
        {
            "vendor": "HiSilicon",
            "icon": "hisilicon.png",
            "keywords": [
                "kirin",
                "huawei",
                "hi"
            ]
        },
        {
            "vendor": "Unisoc",
            "icon": "unisoc.png",
            "keywords": [
                "unisoc",
                "spreadtrum",
                "sc",
                "t6",
                "t8"
            ]
        },
        {
            "vendor": "Rockchip",
            "icon": "rockchip.png",
            "keywords": [
                "rockchip",
                "rk",
                "rv"
            ]
        },
        {
            "vendor": "Allwinner",
            "icon": "allwinner.png",
            "keywords": [
                "allwinner",
                "sun8i",
                "sun50i"
            ]
        },
        {
            "vendor": "Amlogic",
            "icon": "amlogic.png",
            "keywords": [
                "amlogic",
                "meson"
            ]
        },
        {
            "vendor": "Texas Instruments",
            "icon": "ti.png",
            "keywords": [
                "ti",
                "omap",
                "omap4",
                "omap5"
            ]
        },
        {
            "vendor": "ST-Ericsson",
            "icon": "st-ericsson.png",
            "keywords": [
                "nova",
                "novathor",
                "st-ericsson",
                "u8500"
            ]
        },
        {
            "vendor": "MIPS Technologies",
            "icon": "mips.png",
            "keywords": [
                "mips",
                "ingenic",
                "jz"
            ]
        },
        {
            "vendor": "Intel",
            "icon": "intel.png",
            "keywords": [
                "intel",
                "atom",
                "x86"
            ]
        },
        {
            "vendor": "NVIDIA",
            "icon": "nvidia.png",
            "keywords": [
                "tegra",
                "nvidia"
            ]
        },
        {
            "vendor": "Apple",
            "icon": "apple.png",
            "keywords": [
                "apple m4",
                "apple silicon",
                "apple gpu"
            ]
        },
        {
            "vendor": "ARM Neoverse",
            "icon": "arm.png",
            "keywords": [
                "neoverse",
                "arm server",
                "arm custom"
            ]
        },
        {
            "vendor": "Baidu Kunlun",
            "icon": "baidu.png",
            "keywords": [
                "kunlun",
                "risc-v",
                "baidu ai"
            ]
        },
        {
            "vendor": "Kneron",
            "icon": "kneron.png",
            "keywords": [
                "kneron",
                "risc-v",
                "ai accelerator"
            ]
        }
    ],
    "gpu_lookup": [
        {
            "keyword": "adreno 509",
            "vendor": "Qualcomm",
            "model": "Adreno 509",
            "icon": "adreno.png"
        },
        {
            "keyword": "adreno 512",
            "vendor": "Qualcomm",
            "model": "Adreno 512",
            "icon": "adreno.png"
        },
        {
            "keyword": "adreno 530",
            "vendor": "Qualcomm",
            "model": "Adreno 530",
            "icon": "adreno.png"
        },
        {
            "keyword": "adreno 540",
            "vendor": "Qualcomm",
            "model": "Adreno 540",
            "icon": "adreno.png"
        },
        {
            "keyword": "adreno 630",
            "vendor": "Qualcomm",
            "model": "Adreno 630",
            "icon": "adreno.png"
        },
        {
            "keyword": "adreno 650",
            "vendor": "Qualcomm",
            "model": "Adreno 650",
            "icon": "adreno.png"
        },
        {
            "keyword": "adreno 660",
            "vendor": "Qualcomm",
            "model": "Adreno 660",
            "icon": "adreno.png"
        },
        {
            "keyword": "adreno 680",
            "vendor": "Qualcomm",
            "model": "Adreno 680",
            "icon": "adreno.png"
        },
        {
            "keyword": "adreno 730",
            "vendor": "Qualcomm",
            "model": "Adreno 730",
            "icon": "adreno.png"
        },
        {
            "keyword": "adreno 740",
            "vendor": "Qualcomm",
            "model": "Adreno 740",
            "icon": "adreno.png"
        },
        {
            "keyword": "adreno 830",
            "vendor": "Qualcomm",
            "model": "Adreno 830",
            "icon": "adreno.png"
        },
        {
            "keyword": "adreno 840",
            "vendor": "Qualcomm",
            "model": "Adreno 840",
            "icon": "adreno.png"
        },
        {
            "keyword": "adreno",
            "vendor": "Qualcomm",
            "model": "Adreno (generic)",
            "icon": "adreno.png"
        },
        {
            "keyword": "mali-g51",
            "vendor": "ARM",
            "model": "Mali-G51",
            "icon": "mali.png"
        },
        {
            "keyword": "mali-g52",
            "vendor": "ARM",
            "model": "Mali-G52",
            "icon": "mali.png"
        },
        {
            "keyword": "mali-g71",
            "vendor": "ARM",
            "model": "Mali-G71",
            "icon": "mali.png"
        },
        {
            "keyword": "mali-g72",
            "vendor": "ARM",
            "model": "Mali-G72",
            "icon": "mali.png"
        },
        {
            "keyword": "mali-g76",
            "vendor": "ARM",
            "model": "Mali-G76",
            "icon": "mali.png"
        },
        {
            "keyword": "mali-g77",
            "vendor": "ARM",
            "model": "Mali-G77",
            "icon": "mali.png"
        },
        {
            "keyword": "mali-g78",
            "vendor": "ARM",
            "model": "Mali-G78",
            "icon": "mali.png"
        },
        {
            "keyword": "mali-g710",
            "vendor": "ARM",
            "model": "Mali-G710",
            "icon": "mali.png"
        },
        {
            "keyword": "mali-g715",
            "vendor": "ARM",
            "model": "Mali-G715",
            "icon": "mali.png"
        },
        {
            "keyword": "immortalis-g715",
            "vendor": "ARM",
            "model": "Immortalis-G715",
            "icon": "immortalis.png"
        },
        {
            "keyword": "immortalis-g720",
            "vendor": "ARM",
            "model": "Immortalis-G720",
            "icon": "immortalis.png"
        },
        {
            "keyword": "immortalis-g730",
            "vendor": "ARM",
            "model": "Immortalis-G730",
            "icon": "immortalis.png"
        },
        {
            "keyword": "mali",
            "vendor": "ARM",
            "model": "ARM Mali (generic)",
            "icon": "mali.png"
        },
        {
            "keyword": "powervr sgx530",
            "vendor": "Imagination Technologies",
            "model": "PowerVR SGX530",
            "icon": "powervr.png"
        },
        {
            "keyword": "powervr sgx540",
            "vendor": "Imagination Technologies",
            "model": "PowerVR SGX540",
            "icon": "powervr.png"
        },
        {
            "keyword": "powervr sgx544",
            "vendor": "Imagination Technologies",
            "model": "PowerVR SGX544",
            "icon": "powervr.png"
        },
        {
            "keyword": "powervr g6230",
            "vendor": "Imagination Technologies",
            "model": "PowerVR G6230",
            "icon": "powervr.png"
        },
        {
            "keyword": "powervr ge8320",
            "vendor": "Imagination Technologies",
            "model": "PowerVR GE8320",
            "icon": "powervr.png"
        },
        {
            "keyword": "powervr gx6250",
            "vendor": "Imagination Technologies",
            "model": "PowerVR GX6250",
            "icon": "powervr.png"
        },
        {
            "keyword": "imgtec powervr",
            "vendor": "Imagination Technologies",
            "model": "PowerVR (ImgTec)",
            "icon": "powervr.png"
        },
        {
            "keyword": "apple gpu",
            "vendor": "Apple",
            "model": "Apple GPU (Apple Silicon)",
            "icon": "apple.png"
        },
        {
            "keyword": "apple m2 gpu",
            "vendor": "Apple",
            "model": "Apple M2 GPU",
            "icon": "apple.png"
        },
        {
            "keyword": "apple m4 gpu",
            "vendor": "Apple",
            "model": "Apple M4 GPU",
            "icon": "apple.png"
        },
        {
            "keyword": "apple a17 gpu",
            "vendor": "Apple",
            "model": "Apple A17 GPU",
            "icon": "apple.png"
        },
        {
            "keyword": "tegra x1",
            "vendor": "NVIDIA",
            "model": "NVIDIA Tegra X1 GPU",
            "icon": "nvidia_gpu.png"
        },
        {
            "keyword": "tegra k1",
            "vendor": "NVIDIA",
            "model": "NVIDIA Tegra K1 GPU",
            "icon": "nvidia_gpu.png"
        },
        {
            "keyword": "vivante gc7000",
            "vendor": "Vivante",
            "model": "Vivante GC7000",
            "icon": "vivante.png"
        },
        {
            "keyword": "broadcom videocore",
            "vendor": "Broadcom",
            "model": "VideoCore",
            "icon": "broadcom.png"
        },
        {
            "keyword": "intel iris",
            "vendor": "Intel",
            "model": "Intel Iris",
            "icon": "intel_uhd.png"
        },
        {
            "keyword": "intel uhd",
            "vendor": "Intel",
            "model": "Intel UHD Graphics",
            "icon": "intel_uhd.png"
        },
        {
            "keyword": "vulkan",
            "vendor": "Generic",
            "model": "Vulkan-compatible GPU",
            "icon": "vulkan.png"
        }
    ],
    "chipset_map": {
        "sm8550": {
            "name": "Snapdragon 8 Gen 2",
            "process": "4 nm"
        },
        "sm8650": {
            "name": "Snapdragon 8 Gen 3",
            "process": "4 nm"
        },
        "sm8650_plus": {
            "name": "Snapdragon 8 Gen 3+",
            "process": "4 nm"
        },
        "sm8750": {
            "name": "Snapdragon 8 Gen 4",
            "process": "3 nm"
        },
        "sm8350": {
            "name": "Snapdragon 888",
            "process": "5 nm"
        },
        "sm8250": {
            "name": "Snapdragon 865",
            "process": "7 nm"
        },
        "sdm845": {
            "name": "Snapdragon 845",
            "process": "10 nm"
        },
        "sdm660": {
            "name": "Snapdragon 660",
            "process": "14 nm"
        },
        "sdm636": {
            "name": "Snapdragon 636",
            "process": "14 nm"
        },
        "sdm632": {
            "name": "Snapdragon 632",
            "process": "14 nm"
        },
        "sdm730": {
            "name": "Snapdragon 730",
            "process": "8 nm"
        },
        "sdm778g": {
            "name": "Snapdragon 778G",
            "process": "6 nm"
        },
        "msm8998": {
            "name": "Snapdragon 835",
            "process": "10 nm"
        },
        "msm8996": {
            "name": "Snapdragon 820",
            "process": "14 nm"
        },
        "gs101": {
            "name": "Google Tensor (G1)",
            "process": "5 nm"
        },
        "gs201": {
            "name": "Google Tensor G2",
            "process": "5 nm"
        },
        "gs301": {
            "name": "Google Tensor G3",
            "process": "4 nm"
        },
        "gs401": {
            "name": "Google Tensor G4",
            "process": "4 nm"
        },
        "gs402": {
            "name": "Google Tensor G5",
            "process": "3 nm"
        },
        "mt6765": {
            "name": "MediaTek Helio P35",
            "process": "12 nm"
        },
        "mt6771": {
            "name": "MediaTek Helio P60 / P70",
            "process": "12 nm"
        },
        "mt6785": {
            "name": "MediaTek Helio G90T",
            "process": "12 nm"
        },
        "mt6833": {
            "name": "Dimensity 700",
            "process": "7 nm"
        },
        "mt6885": {
            "name": "Dimensity 1000",
            "process": "7 nm"
        },
        "mt6893": {
            "name": "Dimensity 1200",
            "process": "6 nm"
        },
        "mt6983": {
            "name": "Dimensity 9000",
            "process": "4 nm"
        },
        "mt6985": {
            "name": "Dimensity 9200",
            "process": "4 nm"
        },
        "mt6989": {
            "name": "Dimensity 9300",
            "process": "4 nm"
        },
        "mt6995": {
            "name": "Dimensity 9400+",
            "process": "4 nm"
        },
        "exynos2100": {
            "name": "Samsung Exynos 2100",
            "process": "5 nm"
        },
        "exynos2200": {
            "name": "Samsung Exynos 2200",
            "process": "4 nm"
        },
        "exynos2400": {
            "name": "Samsung Exynos 2400",
            "process": "4 nm (update)"
        },
        "kirin9000": {
            "name": "HiSilicon Kirin 9000",
            "process": "5 nm"
        },
        "kirin9000s": {
            "name": "HiSilicon Kirin 9000s",
            "process": "5 nm"
        },
        "kirin990": {
            "name": "HiSilicon Kirin 990",
            "process": "7 nm"
        },
        "kirin980": {
            "name": "HiSilicon Kirin 980",
            "process": "7 nm"
        },
        "kirin970": {
            "name": "HiSilicon Kirin 970",
            "process": "10 nm"
        },
        "rk3399": {
            "name": "Rockchip RK3399",
            "process": "28 nm"
        },
        "rk3566": {
            "name": "Rockchip RK3566",
            "process": "22 nm"
        },
        "rk3588": {
            "name": "Rockchip RK3588",
            "process": "8 nm"
        },
        "sc9863": {
            "name": "Unisoc SC9863",
            "process": "28 nm"
        },
        "sc9832": {
            "name": "Unisoc SC9832E",
            "process": "28 nm"
        },
        "t610": {
            "name": "Unisoc Tiger T610",
            "process": "12 nm"
        },
        "t700": {
            "name": "Unisoc Tiger T700",
            "process": "12 nm"
        },
        "a64": {
            "name": "Allwinner A64",
            "process": "40 nm"
        },
        "a133": {
            "name": "Allwinner A133",
            "process": "28 nm"
        },
        "s905x": {
            "name": "Amlogic S905X",
            "process": "28 nm"
        },
        "s905x3": {
            "name": "Amlogic S905X3",
            "process": "12 nm"
        },
        "s922x": {
            "name": "Amlogic S922X",
            "process": "12 nm"
        },
        "omap5430": {
            "name": "TI OMAP 5430",
            "process": "28 nm"
        },
        "u8500": {
            "name": "NovaThor U8500",
            "process": "45 nm"
        }
    },
    "android_api_levels": [
        {
            "api": 1,
            "version": "1.0",
            "codename": "Base",
            "icon": "base_1_0.png"
        },
        {
            "api": 2,
            "version": "1.1",
            "codename": "Base_1_1",
            "icon": "base_1_1.png"
        },
        {
            "api": 3,
            "version": "1.5",
            "codename": "Cupcake",
            "icon": "cupcake.png"
        },
        {
            "api": 4,
            "version": "1.6",
            "codename": "Donut",
            "icon": "donut.png"
        },
        {
            "api": 5,
            "version": "2.0",
            "codename": "Eclair",
            "icon": "eclair.png"
        },
        {
            "api": 6,
            "version": "2.0.1",
            "codename": "Eclair",
            "icon": "eclair.png"
        },
        {
            "api": 7,
            "version": "2.1",
            "codename": "Eclair",
            "icon": "eclair.png"
        },
        {
            "api": 8,
            "version": "2.2",
            "codename": "Froyo",
            "icon": "froyo.png"
        },
        {
            "api": 9,
            "version": "2.3",
            "codename": "Gingerbread",
            "icon": "gingerbread.png"
        },
        {
            "api": 10,
            "version": "2.3.3",
            "codename": "Gingerbread",
            "icon": "gingerbread.png"
        },
        {
            "api": 11,
            "version": "3.0",
            "codename": "Honeycomb",
            "icon": "honeycomb.png"
        },
        {
            "api": 12,
            "version": "3.1",
            "codename": "Honeycomb",
            "icon": "honeycomb.png"
        },
        {
            "api": 13,
            "version": "3.2",
            "codename": "Honeycomb",
            "icon": "honeycomb.png"
        },
        {
            "api": 14,
            "version": "4.0",
            "codename": "Ice Cream Sandwich",
            "icon": "ice_cream_sandwich.png"
        },
        {
            "api": 15,
            "version": "4.0.3",
            "codename": "Ice Cream Sandwich",
            "icon": "ice_cream_sandwich.png"
        },
        {
            "api": 16,
            "version": "4.1",
            "codename": "Jelly Bean",
            "icon": "jelly_bean.png"
        },
        {
            "api": 17,
            "version": "4.2",
            "codename": "Jelly Bean",
            "icon": "jelly_bean.png"
        },
        {
            "api": 18,
            "version": "4.3",
            "codename": "Jelly Bean",
            "icon": "jelly_bean.png"
        },
        {
            "api": 19,
            "version": "4.4",
            "codename": "KitKat",
            "icon": "kitkat.png"
        },
        {
            "api": 20,
            "version": "4.4W",
            "codename": "KitKat Wear",
            "icon": "kitkat.png"
        },
        {
            "api": 21,
            "version": "5.0",
            "codename": "Lollipop",
            "icon": "lollipop.png"
        },
        {
            "api": 22,
            "version": "5.1",
            "codename": "Lollipop",
            "icon": "lollipop.png"
        },
        {
            "api": 23,
            "version": "6.0",
            "codename": "Marshmallow",
            "icon": "marshmallow.png"
        },
        {
            "api": 24,
            "version": "7.0",
            "codename": "Nougat",
            "icon": "nougat.png"
        },
        {
            "api": 25,
            "version": "7.1",
            "codename": "Nougat",
            "icon": "nougat.png"
        },
        {
            "api": 26,
            "version": "8.0",
            "codename": "Oreo",
            "icon": "oreo.png"
        },
        {
            "api": 27,
            "version": "8.1",
            "codename": "Oreo",
            "icon": "oreo.png"
        },
        {
            "api": 28,
            "version": "9",
            "codename": "Pie",
            "icon": "pie.png"
        },
        {
            "api": 29,
            "version": "10",
            "codename": "Android Q",
            "icon": "android_q.png"
        },
        {
            "api": 30,
            "version": "11",
            "codename": "Android R",
            "icon": "android_r.png"
        },
        {
            "api": 31,
            "version": "12",
            "codename": "Android S",
            "icon": "android_s.png"
        },
        {
            "api": 32,
            "version": "12L",
            "codename": "Android Sv2",
            "icon": "android_s.png"
        },
        {
            "api": 33,
            "version": "13",
            "codename": "Tiramisu",
            "icon": "tiramisu.png"
        },
        {
            "api": 34,
            "version": "14",
            "codename": "Upside Down Cake",
            "icon": "upside_down_cake.png"
        },
        {
            "api": 35,
            "version": "15",
            "codename": "Vanilla Ice Cream",
            "icon": "vanilla_ice_cream.png"
        },
        {
            "api": 36,
            "version": "16",
            "codename": "Quince Tart",
            "icon": "quince_tart.png"
        }
    ],
    "host_icon": "https://apps.mrcrab.net/images/app_icon/%s",
    "icons": [
        "adreno.png",
        "allwinner.png",
        "amlogic.png",
        "apple.png",
        "broadcom.png",
        "default_64.png",
        "google.png",
        "hisilicon.png",
        "immortalis.png",
        "intel.png",
        "mali.png",
        "mediatek.png",
        "nvidia.png",
        "nvidia_gpu.png",
        "powervr.png",
        "qualcomm.png",
        "rockchip.png",
        "samsung.png",
        "st-ericsson.png",
        "ti.png",
        "unisoc.png",
        "vivante.png",
        "vulkan.png",
        "base_1_0.png",
        "base_1_1.png",
        "cupcake.png",
        "donut.png",
        "eclair.png",
        "froyo.png",
        "gingerbread.png",
        "honeycomb.png",
        "ice_cream_sandwich.png",
        "jelly_bean.png",
        "kitkat.png",
        "lollipop.png",
        "marshmallow.png",
        "nougat.png",
        "oreo.png",
        "pie.png",
        "android_q.png",
        "android_r.png",
        "android_s.png",
        "tiramisu.png",
        "upside_down_cake.png",
        "vanilla_ice_cream.png",
        "quince_tart.png",
        "ts.png",
        "zz.png",
        "max_box_pro.png",
        "hw_info.png"
    ],
    "host_test_speed": "https://www.speedtest.net/api/android/config.php?pt=1&gaidOptOut=false&isSpeedtestVpn=false&gaid=bf3c619e-f289-43b6-bc82-03ada31e8fe3&locale=en&manufacturer=Xiaomi&generalizedSize=2&dct=1&ypixels=2101&isVpn=false&fingerprint=Xiaomi%2Fderp_whyred%2Fwhyred%3A13%2FTQ3A.230901.001%2F1696394624%3Auser%2Frelease-keys&model=Redmi%20Note%205&brand=Xiaomi&xdpi=403.411&androidId=0cd4d9150844319c&hardware=qcom&product=derp_whyred&orientation=1&appversion=6.4.1&android_api=33&deviceIpAddress=&xpixels=1080&appversion_extended=6.4.1.242042&build_id=TQ3A.230901.001&imei=0cd4d9150844319c&ni=1000&ydpi=403.411&generalizedDpi=392&device=whyred",
    "target_test": [
        {
            "title": "4 MB TEST",
            "path": "/speedtest/random1500x1500.jpg"
        },
        {
            "title": "8 MB TEST",
            "path": "/speedtest/random2000x2000.jpg"
        },
        {
            "title": "12 MB TEST",
            "path": "/speedtest/random2500x2500.jpg"
        },
        {
            "title": "17 MB TEST",
            "path": "/speedtest/random3000x3000.jpg"
        },
        {
            "title": "50 MB TEST",
            "path": "/speedtest/random5000x5000.jpg"
        }
    ],
    "menu_ads_icon" : "max_box_pro.png",
    "menu_ads_url" : "https://play.google.com/store/apps/details?id=com.dramshorts.maxboxpro",
    "main_menu": [
        {
            "uid": "hw_info",
            "icon": "hw_info.png"
        },
        {
            "uid": "ads",
            "icon": "max_box_pro.png",
            "url": "https://play.google.com/store/apps/details?id=com.dramshorts.maxboxpro"
        },
        {
            "uid": "zz_aio",
            "icon": "zz.png"
        },
        {
            "uid": "ts_aio",
            "icon": "ts.png"
        }
    ],
    "zz_site_icons": {
        "22": "//xhubapp.com/asset/reality_kings_premium.jpg"
    },
    "rdn_start" : 0,
    "rdn_end" : 2
}
