{"Fid":"cuO8_9KMSoKvWSYWN0nPYI","Status":3,"AuthToken":"eyJhbGciOiJFUzI1NiIsInR5cCI6IkpXVCJ9.eyJhcHBJZCI6IjE6MTgwODA3NDg5NDc4OmFuZHJvaWQ6NjU1ODk5MGFhYzBkODI3MmEzYzRjNyIsImV4cCI6MTc2NjgzMzQyMiwiZmlkIjoiY3VPOF85S01Tb0t2V1NZV04wblBZSSIsInByb2plY3ROdW1iZXIiOjE4MDgwNzQ4OTQ3OH0.AB2LPV8wRAIgYEt6Rio-iW1kGRT9KyMYPk_csIMOCmMDbTzcQ_TJBzoCIEqbnLwsddql-vyP5uPd_o36gQK-6fDt0itFOj-VZ1f3","RefreshToken":"3_AS3qfwJgbcL0UaiyUKKDsG_jQVqL5Aw5dKc3S7Q_sojCBmGm-M1UGhBxa0B7sTefcEM1P4v6wW4LZZn28fD218oUL1HYX1MiIz3jzpLRDKDILA","TokenCreationEpochInSecs":1766228621,"ExpiresInSecs":604800}