{"Fid":"etavQIiNSHqRqO_7Higscl","Status":3,"AuthToken":"eyJhbGciOiJFUzI1NiIsInR5cCI6IkpXVCJ9.eyJhcHBJZCI6IjE6ODUwMjIwMDM3MDgxOmFuZHJvaWQ6MmE1OGNhMjhkNmEzZDM0YiIsImV4cCI6MTc2NzU0NDg0NiwiZmlkIjoiZXRhdlFJaU5TSHFScU9fN0hpZ3NjbCIsInByb2plY3ROdW1iZXIiOjg1MDIyMDAzNzA4MX0.AB2LPV8wRQIhAPE4XdINUVA_QgoykRKKWqWeUaam7vdEjUtVY2NhA8s2AiB403D5ALSVZ2RhtRFSLljFUtNasu7eu2YYU7b48iDW-Q","RefreshToken":"3_AS3qfwIYEd9ea_gqhs-fZHdSvKFgWoLJLBl7uT7IOMJIk8M4_-dpCgd5sM1xbu3EgQxTOBH4Mv2BNBAKkHMwXCUB4geI9nyVhVNr91pcw2s_bMo","TokenCreationEpochInSecs":1766940046,"ExpiresInSecs":604800}