{"Fid":"f-WTMlvpSsSu-lVUQWiogY","Status":3,"AuthToken":"eyJhbGciOiJFUzI1NiIsInR5cCI6IkpXVCJ9.eyJhcHBJZCI6IjE6ODUwMjIwMDM3MDgxOmFuZHJvaWQ6YjgyMDdhYzQwNzViNWUxMTI3NWZjOCIsImV4cCI6MTc3MDEyMzU0MiwiZmlkIjoiZi1XVE1sdnBTc1N1LWxWVVFXaW9nWSIsInByb2plY3ROdW1iZXIiOjg1MDIyMDAzNzA4MX0.AB2LPV8wRAIgSYvxMp3dxkL3P_cQ1RTPUXX_G9g8PGZ2snQOLPgxcO4CIAh8ArK38YGcKiNB1c9VrKL5ZjokhSYde8zprLMkW73B","RefreshToken":"3_AS3qfwLa8dv_apNTt9tm9ipigO7Kfv8in76-t8FCAnvggwndWVBLQd8qPe-9PqPNZdKydkhEWvo_oK7rbgG-n0IJpkCUN9MPHNOenVzFpati3m4","TokenCreationEpochInSecs":1769518742,"ExpiresInSecs":604800}